registration_id,user_id,event_occurrence_id,registration_status,registration_attended_flag,registration_check_in_time,registration_created_at
1,1,1,attended,TRUE,10/6/24 10:01,9/9/24 10:00
2,2,2,attended,TRUE,4/2/22 10:01,3/30/22 10:00
3,3,3,attended,TRUE,10/27/24 10:14,10/22/24 10:00
4,4,4,attended,TRUE,9/11/22 10:09,9/5/22 10:00
5,5,5,attended,TRUE,8/27/23 10:10,8/25/23 10:00
6,5,6,attended,TRUE,11/5/24 10:19,10/24/24 10:00
7,5,7,attended,TRUE,1/2/22 10:28,12/12/21 10:00
8,6,8,attended,TRUE,10/5/25 10:09,9/27/25 10:00
9,6,9,attended,TRUE,11/18/23 10:19,11/13/23 10:00
10,6,10,attended,TRUE,6/23/24 10:15,6/10/24 10:00
11,6,11,attended,TRUE,4/4/23 10:03,3/13/23 10:00
12,6,12,attended,TRUE,6/15/24 10:02,5/24/24 10:00
13,7,13,attended,TRUE,9/18/25 10:08,9/15/25 10:00
14,8,14,attended,TRUE,2/3/24 10:06,1/16/24 10:00
15,8,15,attended,TRUE,6/16/24 10:22,5/31/24 10:00
16,9,16,attended,TRUE,9/5/24 10:26,8/12/24 10:00
17,9,17,attended,TRUE,8/24/25 10:28,8/12/25 10:00
18,10,18,attended,TRUE,11/10/21 10:07,10/13/21 10:00
19,11,19,attended,TRUE,3/1/23 10:22,2/14/23 10:00
20,12,20,attended,TRUE,7/2/23 10:11,6/22/23 10:00
21,12,21,attended,TRUE,9/5/23 10:17,8/11/23 10:00
22,13,22,attended,TRUE,5/15/23 10:27,5/5/23 10:00
23,13,23,no-show,FALSE,,2/25/25 10:00
24,14,24,attended,TRUE,9/29/22 10:28,9/12/22 10:00
25,15,25,attended,TRUE,6/1/23 10:10,5/23/23 10:00
26,16,26,no-show,FALSE,,9/17/25 10:00
27,17,27,attended,TRUE,11/23/22 10:11,11/21/22 10:00
28,18,28,cancelled,FALSE,,3/28/23 10:00
29,18,29,attended,TRUE,9/12/23 10:19,8/20/23 10:00
30,18,30,attended,TRUE,5/3/25 10:08,4/17/25 10:00
31,19,31,no-show,FALSE,,8/27/22 10:00
32,19,32,attended,TRUE,6/15/22 10:26,6/10/22 10:00
33,20,33,attended,TRUE,5/27/22 10:07,5/10/22 10:00
34,20,34,attended,TRUE,6/24/22 10:23,6/14/22 10:00
35,20,35,attended,TRUE,6/8/25 10:06,5/21/25 10:00
36,21,36,attended,TRUE,4/21/24 10:11,4/17/24 10:00
37,21,37,attended,TRUE,6/11/24 10:26,5/18/24 10:00
38,22,38,attended,TRUE,1/14/24 10:04,12/19/23 10:00
39,22,39,attended,TRUE,8/1/24 10:07,7/30/24 10:00
40,23,40,attended,TRUE,3/11/23 10:14,2/16/23 10:00
41,24,41,attended,TRUE,10/11/22 10:24,9/20/22 10:00
42,24,42,attended,TRUE,6/18/23 10:03,6/3/23 10:00
43,24,43,attended,TRUE,12/5/21 10:15,12/4/21 10:00
44,24,44,attended,TRUE,10/22/24 10:01,9/25/24 10:00
45,24,45,attended,TRUE,10/10/23 10:08,10/1/23 10:00
46,24,46,attended,TRUE,9/4/22 10:12,8/16/22 10:00
47,25,47,attended,TRUE,3/9/25 10:26,2/27/25 10:00
48,26,48,attended,TRUE,4/15/23 10:01,4/12/23 10:00
49,27,49,attended,TRUE,10/22/23 10:27,10/13/23 10:00
50,27,5,attended,TRUE,8/27/23 10:12,8/7/23 10:00
51,28,50,attended,TRUE,5/7/23 10:00,4/21/23 10:00
52,29,51,attended,TRUE,5/16/23 10:12,4/18/23 10:00
53,29,52,attended,TRUE,3/15/23 10:14,3/2/23 10:00
54,29,53,attended,TRUE,12/27/24 10:07,12/25/24 10:00
55,29,54,attended,TRUE,12/15/22 10:12,12/8/22 10:00
56,29,55,attended,TRUE,5/9/25 10:21,5/3/25 10:00
57,29,56,attended,TRUE,5/13/25 10:17,4/29/25 10:00
58,29,57,attended,TRUE,8/20/23 10:21,8/18/23 10:00
59,30,58,attended,TRUE,10/1/23 10:01,9/21/23 10:00
60,31,59,attended,TRUE,9/4/25 10:24,8/17/25 10:00
61,32,60,attended,TRUE,4/27/24 10:29,4/15/24 10:00
62,32,61,attended,TRUE,3/4/23 10:29,3/3/23 10:00
63,32,62,attended,TRUE,8/6/24 10:24,7/17/24 10:00
64,33,63,cancelled,FALSE,,1/30/25 10:00
65,34,64,attended,TRUE,5/12/24 10:29,4/15/24 10:00
66,35,65,attended,TRUE,11/2/25 10:25,10/24/25 10:00
67,36,66,attended,TRUE,9/27/22 10:18,9/2/22 10:00
68,36,67,attended,TRUE,9/24/25 10:24,9/17/25 10:00
69,37,68,attended,TRUE,10/15/24 10:10,10/14/24 10:00
70,37,69,attended,TRUE,9/24/22 10:26,8/31/22 10:00
71,37,70,attended,TRUE,11/14/21 10:13,10/25/21 10:00
72,38,8,attended,TRUE,10/5/25 10:13,9/7/25 10:00
73,39,71,attended,TRUE,5/31/23 10:23,5/5/23 10:00
74,40,72,attended,TRUE,7/20/25 10:24,6/26/25 10:00
75,41,73,attended,TRUE,6/9/24 10:25,6/7/24 10:00
76,42,74,attended,TRUE,12/4/21 10:17,11/30/21 10:00
77,43,75,attended,TRUE,8/13/25 10:23,7/31/25 10:00
78,43,76,attended,TRUE,3/24/23 10:09,3/2/23 10:00
79,44,77,attended,TRUE,4/26/24 10:17,3/29/24 10:00
80,45,78,attended,TRUE,2/15/24 10:13,1/31/24 10:00
81,45,79,attended,TRUE,8/30/23 10:23,8/11/23 10:00
82,45,80,attended,TRUE,8/31/25 10:24,8/12/25 10:00
83,46,81,attended,TRUE,10/29/25 10:08,10/12/25 10:00
84,47,82,attended,TRUE,2/14/25 10:12,2/8/25 10:00
85,48,83,attended,TRUE,4/23/25 10:23,4/8/25 10:00
86,49,84,attended,TRUE,2/9/22 10:04,2/1/22 10:00
87,50,85,attended,TRUE,4/11/24 10:08,4/10/24 10:00
88,51,86,attended,TRUE,8/19/23 10:21,7/24/23 10:00
89,52,87,attended,TRUE,9/29/24 10:02,9/20/24 10:00
90,52,42,attended,TRUE,6/18/23 10:24,6/10/23 10:00
91,53,88,attended,TRUE,4/10/24 10:09,3/23/24 10:00
92,54,89,attended,TRUE,3/12/23 10:18,3/1/23 10:00
93,55,90,no-show,FALSE,,2/7/24 10:00
94,56,91,attended,TRUE,2/18/25 10:08,1/29/25 10:00
95,56,92,attended,TRUE,10/12/25 10:08,9/30/25 10:00
96,57,93,attended,TRUE,9/25/22 10:08,9/3/22 10:00
97,57,94,attended,TRUE,12/18/22 10:20,11/22/22 10:00
98,58,95,attended,TRUE,7/15/22 10:24,6/19/22 10:00
99,58,96,attended,TRUE,11/13/22 10:00,10/24/22 10:00
100,58,97,attended,TRUE,2/15/22 10:09,2/11/22 10:00
101,58,98,attended,TRUE,6/12/25 10:21,5/24/25 10:00
102,58,99,attended,TRUE,6/29/23 10:26,6/18/23 10:00
103,58,100,attended,TRUE,3/28/24 10:27,3/19/24 10:00
104,58,101,attended,TRUE,7/21/24 10:14,7/15/24 10:00
105,59,102,no-show,FALSE,,1/29/25 10:00
106,59,103,attended,TRUE,11/2/23 10:00,10/18/23 10:00
107,60,104,attended,TRUE,1/26/25 10:01,1/11/25 10:00
108,60,105,attended,TRUE,5/1/22 10:15,4/19/22 10:00
109,61,106,attended,TRUE,2/4/25 10:27,1/14/25 10:00
110,62,107,attended,TRUE,8/14/25 10:06,7/27/25 10:00
111,63,108,attended,TRUE,3/10/24 10:01,2/25/24 10:00
112,64,109,attended,TRUE,8/18/24 10:02,7/30/24 10:00
113,64,110,attended,TRUE,8/13/22 10:28,8/4/22 10:00
114,64,111,attended,TRUE,8/23/25 10:17,8/3/25 10:00
115,65,112,attended,TRUE,11/1/22 10:02,10/21/22 10:00
116,66,113,attended,TRUE,10/12/22 10:05,9/27/22 10:00
117,66,114,attended,TRUE,8/5/25 10:24,7/27/25 10:00
118,67,115,attended,TRUE,3/16/22 10:08,2/18/22 10:00
119,68,116,attended,TRUE,9/21/25 10:27,9/12/25 10:00
120,69,117,attended,TRUE,2/27/22 10:04,2/11/22 10:00
121,70,118,attended,TRUE,7/27/25 10:20,7/19/25 10:00
122,71,119,attended,TRUE,2/28/23 10:04,2/22/23 10:00
123,72,120,attended,TRUE,9/28/23 10:19,8/31/23 10:00
124,73,121,attended,TRUE,6/1/25 10:01,5/11/25 10:00
125,74,122,attended,TRUE,2/8/24 10:03,1/31/24 10:00
126,74,123,attended,TRUE,12/3/21 10:01,11/12/21 10:00
127,75,124,attended,TRUE,11/20/24 10:21,11/14/24 10:00
128,76,125,attended,TRUE,4/19/25 10:27,4/2/25 10:00
129,77,126,cancelled,FALSE,,1/14/25 10:00
130,78,35,attended,TRUE,6/8/25 10:17,6/6/25 10:00
131,78,127,attended,TRUE,5/25/25 10:07,5/2/25 10:00
132,78,128,attended,TRUE,4/2/24 10:22,3/31/24 10:00
133,78,129,cancelled,FALSE,,7/2/23 10:00
134,78,130,attended,TRUE,6/15/25 10:21,6/14/25 10:00
135,79,131,attended,TRUE,6/7/22 10:27,5/10/22 10:00
136,80,132,attended,TRUE,9/15/25 10:11,8/18/25 10:00
137,81,133,attended,TRUE,10/8/23 10:22,9/20/23 10:00
138,82,134,attended,TRUE,7/6/23 10:19,7/4/23 10:00
139,82,127,attended,TRUE,5/25/25 10:11,5/17/25 10:00
140,83,135,attended,TRUE,8/21/22 10:02,8/17/22 10:00
141,84,136,attended,TRUE,9/14/25 10:14,8/28/25 10:00
142,85,137,attended,TRUE,12/11/22 10:16,12/7/22 10:00
143,86,138,attended,TRUE,11/6/22 10:07,11/3/22 10:00
144,87,139,attended,TRUE,10/15/23 10:10,10/8/23 10:00
145,87,140,attended,TRUE,7/13/24 10:11,6/24/24 10:00
146,87,141,attended,TRUE,10/28/23 10:26,10/1/23 10:00
147,88,134,attended,TRUE,7/6/23 10:13,6/14/23 10:00
148,89,30,attended,TRUE,5/3/25 10:20,4/30/25 10:00
149,89,142,cancelled,FALSE,,8/15/23 10:00
150,90,143,attended,TRUE,12/15/21 10:00,12/10/21 10:00
151,91,34,attended,TRUE,6/24/22 10:19,6/13/22 10:00
152,91,144,cancelled,FALSE,,12/30/22 10:00
153,91,30,attended,TRUE,5/3/25 10:13,4/22/25 10:00
154,91,145,attended,TRUE,6/15/23 10:20,5/17/23 10:00
155,92,146,attended,TRUE,4/22/23 10:15,4/10/23 10:00
156,92,147,attended,TRUE,1/4/25 10:19,12/25/24 10:00
157,92,46,no-show,FALSE,,9/3/22 10:00
158,92,148,attended,TRUE,3/25/22 10:01,3/13/22 10:00
159,92,149,attended,TRUE,4/15/24 10:29,4/5/24 10:00
160,92,150,attended,TRUE,10/28/25 10:29,10/23/25 10:00
161,92,151,no-show,FALSE,,7/26/24 10:00
162,92,152,attended,TRUE,5/13/22 10:19,5/9/22 10:00
163,92,153,attended,TRUE,4/9/22 10:25,4/2/22 10:00
164,92,154,attended,TRUE,12/1/21 10:16,11/20/21 10:00
165,93,155,attended,TRUE,2/5/25 10:24,1/13/25 10:00
166,94,156,attended,TRUE,3/16/25 10:16,2/20/25 10:00
167,95,157,attended,TRUE,1/14/22 10:18,12/19/21 10:00
168,96,158,attended,TRUE,5/22/24 10:11,4/29/24 10:00
169,96,159,attended,TRUE,12/28/21 10:12,12/21/21 10:00
170,97,160,attended,TRUE,1/20/23 10:18,12/24/22 10:00
171,98,161,attended,TRUE,9/28/25 10:21,9/26/25 10:00
172,98,162,attended,TRUE,10/20/24 10:04,9/26/24 10:00
173,98,163,attended,TRUE,8/21/25 10:24,8/8/25 10:00
174,99,164,attended,TRUE,10/5/22 10:02,9/14/22 10:00
175,99,165,no-show,FALSE,,5/21/22 10:00
176,99,166,attended,TRUE,4/18/23 10:16,3/30/23 10:00
177,100,167,attended,TRUE,1/10/23 10:20,12/22/22 10:00
178,100,168,attended,TRUE,9/8/23 10:23,8/21/23 10:00
179,100,169,no-show,FALSE,,5/17/25 10:00
180,101,170,attended,TRUE,2/5/23 10:28,1/8/23 10:00
181,102,171,attended,TRUE,8/3/23 10:25,7/17/23 10:00
182,103,172,attended,TRUE,1/1/23 10:19,12/30/22 10:00
183,104,173,attended,TRUE,10/30/22 10:21,10/14/22 10:00
184,104,174,attended,TRUE,3/21/23 10:16,3/4/23 10:00
185,105,175,attended,TRUE,12/2/23 10:10,11/17/23 10:00
186,105,176,attended,TRUE,3/2/24 10:06,2/22/24 10:00
187,105,177,attended,TRUE,9/27/25 10:18,8/31/25 10:00
188,106,178,attended,TRUE,3/17/24 10:29,3/7/24 10:00
189,107,179,attended,TRUE,6/30/24 10:10,6/22/24 10:00
190,108,180,attended,TRUE,8/3/24 10:25,7/26/24 10:00
191,109,181,attended,TRUE,11/15/22 10:11,10/21/22 10:00
192,109,182,attended,TRUE,12/15/23 10:14,12/7/23 10:00
193,110,183,attended,TRUE,10/12/23 10:23,10/1/23 10:00
194,110,184,attended,TRUE,7/9/25 10:22,7/5/25 10:00
195,111,185,attended,TRUE,6/18/25 10:14,6/10/25 10:00
196,112,186,attended,TRUE,6/19/22 10:28,5/26/22 10:00
197,113,187,attended,TRUE,10/4/23 10:11,9/20/23 10:00
198,113,15,attended,TRUE,6/16/24 10:11,6/13/24 10:00
199,114,188,attended,TRUE,7/7/22 10:16,6/19/22 10:00
200,115,189,attended,TRUE,11/19/21 10:29,11/16/21 10:00
201,115,190,attended,TRUE,9/15/23 10:20,9/3/23 10:00
202,116,191,attended,TRUE,11/26/23 10:19,11/10/23 10:00
203,116,192,attended,TRUE,10/15/24 10:14,10/7/24 10:00
204,117,173,cancelled,FALSE,,10/4/22 10:00
205,118,5,attended,TRUE,8/27/23 10:18,8/19/23 10:00
206,119,193,attended,TRUE,4/14/22 10:26,3/18/22 10:00
207,120,194,attended,TRUE,6/14/22 10:29,6/9/22 10:00
208,120,195,no-show,FALSE,,4/10/23 10:00
209,120,196,attended,TRUE,5/21/22 10:29,4/26/22 10:00
210,120,197,attended,TRUE,7/4/25 10:21,6/20/25 10:00
211,121,198,attended,TRUE,11/30/21 10:21,11/11/21 10:00
212,121,179,attended,TRUE,6/30/24 10:19,6/25/24 10:00
213,121,199,attended,TRUE,6/21/25 10:25,6/12/25 10:00
214,121,200,attended,TRUE,3/25/25 10:10,3/15/25 10:00
215,121,201,attended,TRUE,1/11/22 10:03,12/31/21 10:00
216,121,202,attended,TRUE,5/25/22 10:13,5/22/22 10:00
217,121,203,attended,TRUE,7/6/22 10:16,6/22/22 10:00
218,121,204,attended,TRUE,6/1/24 10:18,5/27/24 10:00
219,121,205,attended,TRUE,5/11/24 10:20,4/25/24 10:00
220,122,206,attended,TRUE,3/16/23 10:24,2/15/23 10:00
221,122,207,attended,TRUE,1/31/25 10:28,1/24/25 10:00
222,122,139,attended,TRUE,10/15/23 10:28,10/9/23 10:00
223,123,53,attended,TRUE,12/27/24 10:00,12/12/24 10:00
224,124,208,attended,TRUE,2/15/22 10:03,2/9/22 10:00
225,125,209,attended,TRUE,5/14/23 10:08,4/30/23 10:00
226,126,210,attended,TRUE,8/15/25 10:17,7/21/25 10:00
227,127,211,attended,TRUE,10/15/24 10:29,9/22/24 10:00
228,128,212,attended,TRUE,7/15/25 10:23,6/29/25 10:00
229,128,111,attended,TRUE,8/23/25 10:04,8/19/25 10:00
230,128,213,attended,TRUE,1/25/25 10:01,12/28/24 10:00
231,128,214,attended,TRUE,4/16/25 10:13,3/20/25 10:00
232,129,215,attended,TRUE,12/12/23 10:22,12/11/23 10:00
233,130,216,attended,TRUE,10/2/22 10:02,9/26/22 10:00
234,131,217,attended,TRUE,8/29/24 10:16,8/24/24 10:00
235,132,218,attended,TRUE,6/25/23 10:16,5/28/23 10:00
236,133,219,attended,TRUE,12/15/22 10:28,12/2/22 10:00
237,134,220,attended,TRUE,7/15/23 10:11,7/1/23 10:00
238,135,221,attended,TRUE,9/1/24 10:12,8/27/24 10:00
239,136,222,no-show,FALSE,,4/21/22 10:00
240,137,223,attended,TRUE,5/21/24 10:09,4/28/24 10:00
241,138,224,attended,TRUE,11/10/22 10:10,11/6/22 10:00
242,139,225,attended,TRUE,3/5/22 10:26,2/4/22 10:00
243,140,226,attended,TRUE,3/6/22 10:10,2/5/22 10:00
244,141,227,attended,TRUE,10/11/23 10:19,9/22/23 10:00
245,141,228,attended,TRUE,7/16/25 10:03,6/26/25 10:00
246,141,229,attended,TRUE,9/3/22 10:01,8/10/22 10:00
247,142,230,attended,TRUE,7/15/24 10:23,7/12/24 10:00
248,143,231,attended,TRUE,9/24/24 10:14,9/12/24 10:00
249,144,232,attended,TRUE,9/19/24 10:20,9/5/24 10:00
250,145,233,attended,TRUE,6/20/25 10:23,6/5/25 10:00
251,145,234,attended,TRUE,11/15/24 10:13,10/19/24 10:00
252,146,235,attended,TRUE,1/16/22 10:24,1/6/22 10:00
253,147,236,attended,TRUE,6/4/24 10:22,5/19/24 10:00
254,147,237,no-show,FALSE,,1/19/23 10:00
255,148,238,attended,TRUE,6/10/22 10:24,5/17/22 10:00
256,149,239,no-show,FALSE,,1/12/24 10:00
257,149,240,attended,TRUE,6/15/25 10:28,6/10/25 10:00
258,149,241,attended,TRUE,1/26/23 10:18,1/25/23 10:00
259,150,242,attended,TRUE,1/9/25 10:11,12/21/24 10:00
260,151,243,attended,TRUE,6/15/25 10:20,5/24/25 10:00
261,152,244,cancelled,FALSE,,3/31/25 10:00
262,153,245,attended,TRUE,8/12/25 10:14,8/1/25 10:00
263,153,246,cancelled,FALSE,,6/9/25 10:00
264,154,247,attended,TRUE,8/31/24 10:03,8/6/24 10:00
265,155,248,attended,TRUE,9/13/23 10:09,9/5/23 10:00
266,156,249,attended,TRUE,6/9/22 10:10,5/24/22 10:00
267,157,250,attended,TRUE,12/30/23 10:18,12/28/23 10:00
268,158,251,cancelled,FALSE,,1/5/25 10:00
269,159,252,attended,TRUE,7/15/24 10:10,7/5/24 10:00
270,160,253,attended,TRUE,7/8/23 10:10,6/25/23 10:00
271,161,254,no-show,FALSE,,2/23/24 10:00
272,161,255,attended,TRUE,12/1/23 10:01,11/26/23 10:00
273,162,256,attended,TRUE,4/13/25 10:23,3/17/25 10:00
274,162,257,no-show,FALSE,,3/31/23 10:00
275,162,258,attended,TRUE,1/2/24 10:16,12/19/23 10:00
276,163,206,cancelled,FALSE,,3/7/23 10:00
277,164,112,attended,TRUE,11/1/22 10:11,10/28/22 10:00
278,164,259,attended,TRUE,5/18/23 10:05,5/8/23 10:00
279,164,260,attended,TRUE,11/9/21 10:09,11/5/21 10:00
280,165,126,attended,TRUE,1/29/25 10:15,1/20/25 10:00
281,166,261,attended,TRUE,6/15/22 10:07,5/31/22 10:00
282,166,262,attended,TRUE,2/4/23 10:05,1/6/23 10:00
283,167,263,attended,TRUE,1/24/25 10:29,1/14/25 10:00
284,168,264,attended,TRUE,6/15/23 10:19,6/6/23 10:00
285,169,187,attended,TRUE,10/4/23 10:03,9/9/23 10:00
286,169,265,cancelled,FALSE,,6/14/22 10:00
287,169,266,no-show,FALSE,,8/11/23 10:00
288,170,267,no-show,FALSE,,8/16/23 10:00
289,171,211,attended,TRUE,10/15/24 10:19,10/14/24 10:00
290,172,268,attended,TRUE,4/8/25 10:01,3/10/25 10:00
291,173,104,attended,TRUE,1/26/25 10:17,12/28/24 10:00
292,173,269,attended,TRUE,7/13/25 10:25,6/25/25 10:00
293,173,270,attended,TRUE,6/6/24 10:00,5/30/24 10:00
294,173,271,attended,TRUE,8/22/24 10:26,8/6/24 10:00
295,173,259,attended,TRUE,5/18/23 10:00,4/21/23 10:00
296,173,260,attended,TRUE,11/9/21 10:06,10/28/21 10:00
297,173,272,attended,TRUE,1/22/23 10:18,1/12/23 10:00
298,173,273,attended,TRUE,8/3/25 10:23,7/20/25 10:00
299,173,274,attended,TRUE,2/16/25 10:16,2/1/25 10:00
300,173,275,attended,TRUE,12/28/23 10:26,12/23/23 10:00
301,173,276,attended,TRUE,11/29/22 10:09,11/14/22 10:00
302,174,277,attended,TRUE,8/6/23 10:22,8/2/23 10:00
303,174,278,attended,TRUE,8/15/22 10:29,7/23/22 10:00
304,175,195,attended,TRUE,4/28/23 10:03,3/31/23 10:00
305,175,279,attended,TRUE,12/23/23 10:28,12/8/23 10:00
306,175,280,attended,TRUE,9/18/22 10:15,9/4/22 10:00
307,176,274,attended,TRUE,2/16/25 10:02,2/7/25 10:00
308,177,281,attended,TRUE,1/21/24 10:04,12/24/23 10:00
309,178,282,attended,TRUE,2/24/23 10:23,2/15/23 10:00
310,178,283,attended,TRUE,3/28/23 10:03,3/6/23 10:00
311,178,284,no-show,FALSE,,12/3/22 10:00
312,179,285,attended,TRUE,11/19/24 10:25,10/26/24 10:00
313,180,286,attended,TRUE,4/5/22 10:23,3/28/22 10:00
314,181,287,cancelled,FALSE,,2/27/25 10:00
315,182,288,attended,TRUE,1/3/25 10:16,12/28/24 10:00
316,183,289,attended,TRUE,9/16/23 10:08,9/5/23 10:00
317,183,290,attended,TRUE,11/12/22 10:20,10/28/22 10:00
318,184,291,attended,TRUE,8/4/23 10:16,7/11/23 10:00
319,185,292,attended,TRUE,5/21/25 10:24,4/29/25 10:00
320,185,293,attended,TRUE,9/10/22 10:22,9/7/22 10:00
321,185,294,attended,TRUE,10/4/25 10:10,9/11/25 10:00
322,186,295,attended,TRUE,7/14/24 10:29,6/15/24 10:00
323,187,296,attended,TRUE,9/20/25 10:13,9/18/25 10:00
324,188,297,attended,TRUE,3/10/23 10:29,3/6/23 10:00
325,188,298,attended,TRUE,6/8/22 10:25,5/16/22 10:00
326,189,299,attended,TRUE,6/15/24 10:10,5/29/24 10:00
327,190,94,attended,TRUE,12/18/22 10:26,12/11/22 10:00
328,191,300,attended,TRUE,5/2/25 10:21,4/14/25 10:00
329,191,301,attended,TRUE,1/15/24 10:28,12/19/23 10:00
330,192,302,attended,TRUE,11/2/22 10:01,10/12/22 10:00
331,193,292,attended,TRUE,5/21/25 10:20,4/30/25 10:00
332,194,171,attended,TRUE,8/3/23 10:07,8/2/23 10:00
333,194,209,attended,TRUE,5/14/23 10:18,5/9/23 10:00
334,194,303,attended,TRUE,9/11/25 10:27,8/29/25 10:00
335,195,304,attended,TRUE,3/28/25 10:21,3/20/25 10:00
336,196,187,attended,TRUE,10/4/23 10:08,9/27/23 10:00
337,197,32,attended,TRUE,6/15/22 10:04,5/30/22 10:00
338,198,305,attended,TRUE,3/15/25 10:26,2/27/25 10:00
339,198,306,attended,TRUE,6/15/24 10:23,6/9/24 10:00
340,198,307,attended,TRUE,4/30/23 10:09,4/14/23 10:00
341,198,308,attended,TRUE,1/29/23 10:06,1/24/23 10:00
342,199,309,attended,TRUE,8/24/23 10:28,8/3/23 10:00
343,199,156,no-show,FALSE,,3/13/25 10:00
344,199,310,attended,TRUE,8/15/22 10:13,8/14/22 10:00
345,200,311,attended,TRUE,4/15/23 10:15,4/12/23 10:00
346,200,312,attended,TRUE,11/15/22 10:19,10/28/22 10:00
347,200,313,no-show,FALSE,,10/14/25 10:00
348,201,55,cancelled,FALSE,,5/7/25 10:00
349,201,314,attended,TRUE,6/29/22 10:08,6/6/22 10:00
350,202,266,attended,TRUE,8/16/23 10:12,7/27/23 10:00
351,203,305,no-show,FALSE,,2/22/25 10:00
352,204,117,cancelled,FALSE,,2/6/22 10:00
353,205,315,attended,TRUE,4/17/25 10:16,4/1/25 10:00
354,206,316,attended,TRUE,11/3/24 10:05,10/12/24 10:00
355,207,317,attended,TRUE,4/24/25 10:09,3/26/25 10:00
356,207,118,attended,TRUE,7/27/25 10:07,6/30/25 10:00
357,207,318,cancelled,FALSE,,4/12/23 10:00
358,207,240,attended,TRUE,6/15/25 10:15,5/24/25 10:00
359,208,319,attended,TRUE,3/23/25 10:25,3/7/25 10:00
360,209,320,attended,TRUE,4/27/25 10:12,4/6/25 10:00
361,210,321,cancelled,FALSE,,5/10/25 10:00
362,210,322,attended,TRUE,8/16/24 10:15,7/29/24 10:00
363,211,323,attended,TRUE,4/6/24 10:03,3/27/24 10:00
364,212,264,attended,TRUE,6/15/23 10:03,6/7/23 10:00
365,213,22,attended,TRUE,5/15/23 10:28,4/16/23 10:00
366,214,4,attended,TRUE,9/11/22 10:24,8/17/22 10:00
367,215,178,attended,TRUE,3/17/24 10:13,3/7/24 10:00
368,215,230,attended,TRUE,7/15/24 10:10,6/30/24 10:00
369,216,324,attended,TRUE,1/26/22 10:21,1/18/22 10:00
370,217,325,no-show,FALSE,,2/24/24 10:00
371,218,326,attended,TRUE,6/26/25 10:14,6/20/25 10:00
372,219,327,attended,TRUE,6/15/23 10:21,6/4/23 10:00
373,220,157,attended,TRUE,1/14/22 10:11,1/10/22 10:00
374,220,328,attended,TRUE,10/14/22 10:12,9/21/22 10:00
375,220,329,attended,TRUE,7/19/25 10:04,6/26/25 10:00
376,220,296,attended,TRUE,9/20/25 10:28,8/26/25 10:00
377,220,330,attended,TRUE,10/15/25 10:26,9/29/25 10:00
378,220,331,attended,TRUE,7/7/24 10:27,6/11/24 10:00
379,221,168,attended,TRUE,9/8/23 10:19,8/23/23 10:00
380,221,63,attended,TRUE,2/28/25 10:21,2/14/25 10:00
381,221,332,attended,TRUE,11/27/21 10:00,11/19/21 10:00
382,222,333,attended,TRUE,10/23/22 10:08,10/13/22 10:00
383,222,334,attended,TRUE,9/22/23 10:06,9/5/23 10:00
384,223,335,attended,TRUE,3/20/22 10:27,2/19/22 10:00
385,223,336,attended,TRUE,6/15/25 10:13,5/20/25 10:00
386,224,337,attended,TRUE,4/15/25 10:17,4/13/25 10:00
387,225,338,attended,TRUE,5/3/23 10:10,4/8/23 10:00
388,225,339,attended,TRUE,3/24/22 10:21,3/15/22 10:00
389,225,233,attended,TRUE,6/20/25 10:13,6/9/25 10:00
390,225,21,attended,TRUE,9/5/23 10:25,8/23/23 10:00
391,226,340,attended,TRUE,1/23/24 10:13,1/8/24 10:00
392,226,341,attended,TRUE,11/16/23 10:08,11/3/23 10:00
393,226,270,attended,TRUE,6/6/24 10:08,6/4/24 10:00
394,227,342,no-show,FALSE,,5/30/23 10:00
395,228,343,attended,TRUE,6/28/22 10:20,6/17/22 10:00
396,229,42,attended,TRUE,6/18/23 10:01,5/22/23 10:00
397,229,344,attended,TRUE,8/27/24 10:14,8/17/24 10:00
398,229,345,attended,TRUE,6/25/25 10:07,6/11/25 10:00
399,229,169,attended,TRUE,5/31/25 10:28,5/12/25 10:00
400,229,346,attended,TRUE,1/18/25 10:17,1/12/25 10:00
401,229,216,attended,TRUE,10/2/22 10:24,9/25/22 10:00
402,229,347,attended,TRUE,10/15/25 10:03,9/24/25 10:00
403,229,221,attended,TRUE,9/1/24 10:19,8/12/24 10:00
404,230,348,no-show,FALSE,,5/11/22 10:00
405,230,349,attended,TRUE,12/24/23 10:17,12/4/23 10:00
406,230,350,attended,TRUE,2/27/24 10:23,2/26/24 10:00
407,231,319,attended,TRUE,3/23/25 10:25,3/22/25 10:00
408,232,260,attended,TRUE,11/9/21 10:02,10/27/21 10:00
409,232,351,attended,TRUE,9/25/24 10:22,8/31/24 10:00
410,233,352,attended,TRUE,4/19/22 10:29,4/8/22 10:00
411,233,71,attended,TRUE,5/31/23 10:24,5/19/23 10:00
412,234,318,attended,TRUE,5/11/23 10:17,4/16/23 10:00
413,234,353,attended,TRUE,4/12/22 10:20,4/9/22 10:00
414,234,94,attended,TRUE,12/18/22 10:16,12/16/22 10:00
415,234,354,cancelled,FALSE,,11/29/23 10:00
416,235,355,attended,TRUE,11/2/24 10:06,10/15/24 10:00
417,235,356,attended,TRUE,3/8/25 10:26,3/2/25 10:00
418,235,357,attended,TRUE,12/22/21 10:12,12/4/21 10:00
419,236,358,attended,TRUE,5/17/24 10:22,4/19/24 10:00
420,237,359,attended,TRUE,4/15/25 10:09,4/7/25 10:00
421,238,116,attended,TRUE,9/21/25 10:05,8/26/25 10:00
422,239,360,attended,TRUE,8/8/24 10:10,7/27/24 10:00
423,240,361,attended,TRUE,7/22/22 10:06,7/8/22 10:00
424,241,362,attended,TRUE,9/17/24 10:23,8/30/24 10:00
425,242,56,attended,TRUE,5/13/25 10:00,5/5/25 10:00
426,243,363,attended,TRUE,12/8/23 10:27,12/6/23 10:00
427,244,364,attended,TRUE,4/16/23 10:24,4/15/23 10:00
428,245,365,attended,TRUE,3/19/23 10:03,3/2/23 10:00
429,245,366,attended,TRUE,9/14/22 10:12,8/28/22 10:00
430,246,367,attended,TRUE,2/14/23 10:15,1/19/23 10:00
431,247,368,attended,TRUE,3/29/22 10:05,3/27/22 10:00
432,248,369,attended,TRUE,3/4/22 10:09,2/22/22 10:00
433,249,86,attended,TRUE,8/19/23 10:07,8/18/23 10:00
434,249,370,attended,TRUE,1/30/22 10:24,1/9/22 10:00
435,249,371,attended,TRUE,5/10/22 10:07,4/17/22 10:00
436,250,372,attended,TRUE,8/13/24 10:08,8/11/24 10:00
437,250,373,attended,TRUE,4/28/24 10:03,4/4/24 10:00
438,250,374,attended,TRUE,5/2/23 10:25,4/5/23 10:00
439,250,157,attended,TRUE,1/14/22 10:20,1/1/22 10:00
440,251,375,attended,TRUE,8/1/25 10:04,7/19/25 10:00
441,252,376,attended,TRUE,8/29/25 10:23,8/2/25 10:00
442,252,377,cancelled,FALSE,,9/3/24 10:00
443,252,378,attended,TRUE,12/21/22 10:02,11/23/22 10:00
444,252,254,attended,TRUE,3/19/24 10:02,3/16/24 10:00
445,253,379,attended,TRUE,12/5/23 10:23,11/18/23 10:00
446,253,380,attended,TRUE,6/28/25 10:24,6/5/25 10:00
447,254,381,attended,TRUE,6/14/24 10:13,5/21/24 10:00
448,255,107,attended,TRUE,8/14/25 10:00,8/13/25 10:00
449,256,382,no-show,FALSE,,5/14/24 10:00
450,257,219,attended,TRUE,12/15/22 10:23,12/11/22 10:00
451,257,383,attended,TRUE,6/15/22 10:25,5/27/22 10:00
452,257,384,attended,TRUE,12/29/24 10:06,12/16/24 10:00
453,258,385,attended,TRUE,7/28/24 10:19,7/1/24 10:00
454,259,317,attended,TRUE,4/24/25 10:09,3/27/25 10:00
455,260,386,attended,TRUE,1/21/23 10:10,12/26/22 10:00
456,261,7,attended,TRUE,1/2/22 10:16,12/19/21 10:00
457,262,387,attended,TRUE,8/2/25 10:00,7/9/25 10:00
458,262,111,attended,TRUE,8/23/25 10:08,8/13/25 10:00
459,263,194,attended,TRUE,6/14/22 10:06,5/30/22 10:00
460,264,388,attended,TRUE,1/18/22 10:08,1/14/22 10:00
461,265,306,attended,TRUE,6/15/24 10:18,5/25/24 10:00
462,266,389,attended,TRUE,7/29/25 10:12,7/13/25 10:00
463,267,390,attended,TRUE,1/12/23 10:13,1/2/23 10:00
464,268,391,attended,TRUE,5/15/24 10:07,5/12/24 10:00
465,269,181,attended,TRUE,11/15/22 10:17,11/1/22 10:00
466,269,392,cancelled,FALSE,,3/4/22 10:00
467,269,393,attended,TRUE,8/12/22 10:29,8/2/22 10:00
468,270,1,attended,TRUE,10/6/24 10:17,9/13/24 10:00
469,271,394,attended,TRUE,4/6/22 10:07,3/20/22 10:00
470,272,395,no-show,FALSE,,8/2/23 10:00
471,273,396,attended,TRUE,7/18/23 10:23,7/2/23 10:00
472,274,397,attended,TRUE,10/25/25 10:11,10/12/25 10:00
473,275,305,no-show,FALSE,,2/18/25 10:00
474,275,398,attended,TRUE,3/4/25 10:07,2/17/25 10:00
475,276,399,attended,TRUE,3/15/23 10:00,2/24/23 10:00
476,277,400,no-show,FALSE,,5/16/22 10:00
477,278,231,cancelled,FALSE,,9/9/24 10:00
478,279,401,attended,TRUE,5/15/25 10:18,4/29/25 10:00
479,279,402,attended,TRUE,8/10/23 10:20,8/6/23 10:00
480,280,402,attended,TRUE,8/10/23 10:10,7/31/23 10:00
481,280,403,attended,TRUE,5/28/24 10:25,5/23/24 10:00
482,280,404,attended,TRUE,1/17/23 10:02,12/27/22 10:00
483,280,405,attended,TRUE,3/13/25 10:17,3/9/25 10:00
484,280,406,attended,TRUE,5/11/25 10:06,5/5/25 10:00
485,281,407,cancelled,FALSE,,5/16/23 10:00
486,282,408,attended,TRUE,8/15/22 10:07,7/27/22 10:00
487,282,409,attended,TRUE,9/15/24 10:04,9/12/24 10:00
488,283,410,attended,TRUE,6/3/23 10:19,5/21/23 10:00
489,283,273,attended,TRUE,8/3/25 10:15,7/7/25 10:00
490,284,411,attended,TRUE,12/6/22 10:23,11/19/22 10:00
491,285,412,no-show,FALSE,,6/15/22 10:00
492,286,413,cancelled,FALSE,,4/29/25 10:00
493,287,414,attended,TRUE,5/8/25 10:13,4/29/25 10:00
494,288,415,attended,TRUE,5/12/22 10:23,5/2/22 10:00
495,288,32,no-show,FALSE,,6/4/22 10:00
496,288,29,cancelled,FALSE,,9/10/23 10:00
497,288,416,attended,TRUE,6/26/22 10:18,6/3/22 10:00
498,288,417,attended,TRUE,1/12/25 10:13,12/23/24 10:00
499,289,53,attended,TRUE,12/27/24 10:00,11/29/24 10:00
500,290,418,attended,TRUE,6/23/22 10:22,6/14/22 10:00
501,290,264,attended,TRUE,6/15/23 10:24,6/8/23 10:00
502,290,419,attended,TRUE,11/26/24 10:25,11/8/24 10:00
503,291,420,attended,TRUE,12/15/23 10:17,11/29/23 10:00
504,291,421,attended,TRUE,5/18/22 10:10,5/2/22 10:00
505,292,422,attended,TRUE,3/15/25 10:07,2/22/25 10:00
506,293,23,attended,TRUE,3/18/25 10:14,3/7/25 10:00
507,294,423,attended,TRUE,4/25/24 10:15,4/2/24 10:00
508,295,364,attended,TRUE,4/16/23 10:17,3/30/23 10:00
509,296,251,attended,TRUE,1/22/25 10:23,12/25/24 10:00
510,296,258,attended,TRUE,1/2/24 10:02,12/9/23 10:00
511,296,71,attended,TRUE,5/31/23 10:13,5/27/23 10:00
512,296,191,attended,TRUE,11/26/23 10:02,11/3/23 10:00
513,296,132,no-show,FALSE,,9/2/25 10:00
514,296,424,attended,TRUE,7/20/24 10:00,6/25/24 10:00
515,296,425,attended,TRUE,8/18/22 10:16,8/12/22 10:00
516,297,426,attended,TRUE,1/3/23 10:03,12/10/22 10:00
517,298,427,attended,TRUE,7/31/22 10:06,7/25/22 10:00
518,298,428,no-show,FALSE,,10/27/21 10:00
519,299,429,attended,TRUE,11/16/24 10:28,11/14/24 10:00
520,300,430,attended,TRUE,7/4/23 10:15,6/20/23 10:00
521,300,431,attended,TRUE,3/30/25 10:20,3/24/25 10:00
522,301,432,attended,TRUE,2/26/23 10:16,1/31/23 10:00
523,302,405,attended,TRUE,3/13/25 10:04,2/25/25 10:00
524,303,133,attended,TRUE,10/8/23 10:27,9/14/23 10:00
525,303,433,cancelled,FALSE,,4/2/25 10:00
526,304,433,attended,TRUE,4/20/25 10:00,4/7/25 10:00
527,305,434,attended,TRUE,4/14/24 10:03,4/4/24 10:00
528,305,9,attended,TRUE,11/18/23 10:09,11/4/23 10:00
529,306,435,attended,TRUE,3/15/22 10:29,2/19/22 10:00
530,307,436,attended,TRUE,8/21/24 10:21,7/23/24 10:00
531,308,437,attended,TRUE,10/19/22 10:16,10/10/22 10:00
532,308,438,attended,TRUE,9/18/24 10:19,9/7/24 10:00
533,309,439,attended,TRUE,12/4/24 10:11,11/5/24 10:00
534,309,440,attended,TRUE,3/9/22 10:20,2/18/22 10:00
535,310,441,attended,TRUE,1/15/23 10:04,1/9/23 10:00
536,311,442,attended,TRUE,7/15/22 10:16,7/5/22 10:00
537,312,443,no-show,FALSE,,1/1/22 10:00
538,313,444,attended,TRUE,4/17/24 10:19,3/22/24 10:00
539,314,445,attended,TRUE,10/27/22 10:11,10/4/22 10:00
540,315,424,attended,TRUE,7/20/24 10:19,7/3/24 10:00
541,316,446,attended,TRUE,2/6/22 10:15,1/28/22 10:00
542,317,398,no-show,FALSE,,2/17/25 10:00
543,318,135,attended,TRUE,8/21/22 10:29,8/10/22 10:00
544,319,405,attended,TRUE,3/13/25 10:23,2/17/25 10:00
545,320,447,attended,TRUE,12/29/23 10:29,12/1/23 10:00
546,321,159,attended,TRUE,12/28/21 10:05,12/23/21 10:00
547,322,448,attended,TRUE,5/18/25 10:22,5/1/25 10:00
548,322,449,attended,TRUE,12/13/22 10:15,11/16/22 10:00
549,323,450,attended,TRUE,4/15/23 10:10,4/14/23 10:00
550,323,451,attended,TRUE,2/25/23 10:05,2/11/23 10:00
551,323,452,attended,TRUE,11/24/24 10:15,11/19/24 10:00
552,324,453,attended,TRUE,4/20/24 10:00,4/17/24 10:00
553,325,454,attended,TRUE,5/18/24 10:22,5/8/24 10:00
554,325,455,attended,TRUE,7/15/25 10:06,7/8/25 10:00
555,325,456,attended,TRUE,11/9/23 10:03,10/17/23 10:00
556,326,457,attended,TRUE,7/5/22 10:14,6/17/22 10:00
557,327,458,attended,TRUE,1/20/24 10:03,1/9/24 10:00
558,328,459,attended,TRUE,9/13/24 10:19,9/11/24 10:00
559,328,438,attended,TRUE,9/18/24 10:19,9/3/24 10:00
560,328,460,attended,TRUE,10/21/23 10:02,10/15/23 10:00
561,328,240,attended,TRUE,6/15/25 10:20,6/3/25 10:00
562,328,239,attended,TRUE,1/31/24 10:28,1/13/24 10:00
563,329,461,attended,TRUE,12/29/22 10:11,12/21/22 10:00
564,330,462,attended,TRUE,1/15/22 10:00,12/25/21 10:00
565,330,463,attended,TRUE,1/15/22 10:08,1/8/22 10:00
566,331,464,attended,TRUE,11/15/25 10:26,11/5/25 10:00
567,332,465,attended,TRUE,2/15/25 10:13,1/18/25 10:00
568,333,466,attended,TRUE,5/5/22 10:23,4/16/22 10:00
569,333,215,attended,TRUE,12/12/23 10:11,12/2/23 10:00
570,334,467,attended,TRUE,9/17/23 10:24,8/28/23 10:00
571,335,254,attended,TRUE,3/19/24 10:29,3/6/24 10:00
572,336,468,attended,TRUE,9/20/24 10:17,9/11/24 10:00
573,337,417,attended,TRUE,1/12/25 10:20,12/25/24 10:00
574,338,469,attended,TRUE,3/11/25 10:06,2/17/25 10:00
575,339,116,attended,TRUE,9/21/25 10:18,9/18/25 10:00
576,340,335,attended,TRUE,3/20/22 10:03,3/15/22 10:00
577,341,470,attended,TRUE,6/27/25 10:06,6/3/25 10:00
578,342,471,attended,TRUE,7/16/24 10:05,7/7/24 10:00
579,343,472,attended,TRUE,8/19/25 10:18,8/10/25 10:00
580,343,473,attended,TRUE,1/2/25 10:04,12/29/24 10:00
581,344,171,attended,TRUE,8/3/23 10:16,7/8/23 10:00
582,345,474,attended,TRUE,12/26/21 10:20,12/7/21 10:00
583,346,475,attended,TRUE,5/26/23 10:12,5/1/23 10:00
584,347,476,attended,TRUE,3/30/24 10:18,3/19/24 10:00
585,348,173,attended,TRUE,10/30/22 10:27,10/5/22 10:00
586,349,477,attended,TRUE,12/18/24 10:19,11/29/24 10:00
587,350,346,attended,TRUE,1/18/25 10:25,1/9/25 10:00
588,351,72,attended,TRUE,7/20/25 10:27,6/26/25 10:00
589,352,478,attended,TRUE,4/30/22 10:21,4/10/22 10:00
590,352,380,attended,TRUE,6/28/25 10:06,6/12/25 10:00
591,353,479,attended,TRUE,12/19/24 10:00,12/13/24 10:00
592,353,480,attended,TRUE,12/8/22 10:07,11/12/22 10:00
593,354,481,no-show,FALSE,,2/11/23 10:00
594,354,482,attended,TRUE,2/20/22 10:19,1/25/22 10:00
595,355,335,attended,TRUE,3/20/22 10:04,3/15/22 10:00
596,355,483,cancelled,FALSE,,5/27/24 10:00
597,356,8,attended,TRUE,10/5/25 10:00,9/7/25 10:00
598,357,44,attended,TRUE,10/22/24 10:02,10/11/24 10:00
599,358,484,attended,TRUE,2/15/24 10:01,1/17/24 10:00
600,359,485,attended,TRUE,4/7/23 10:16,4/2/23 10:00
601,359,47,attended,TRUE,3/9/25 10:14,2/11/25 10:00
602,359,486,attended,TRUE,10/7/22 10:21,9/23/22 10:00
603,359,281,attended,TRUE,1/21/24 10:10,1/5/24 10:00
604,360,487,attended,TRUE,11/28/24 10:16,11/18/24 10:00
605,361,488,attended,TRUE,2/15/22 10:03,1/21/22 10:00
606,361,489,cancelled,FALSE,,10/6/25 10:00
607,362,490,attended,TRUE,6/6/23 10:24,5/24/23 10:00
608,363,52,attended,TRUE,3/15/23 10:22,3/2/23 10:00
609,363,491,attended,TRUE,7/1/23 10:11,6/15/23 10:00
610,363,492,attended,TRUE,6/15/24 10:26,6/5/24 10:00
611,363,493,attended,TRUE,7/12/23 10:10,6/25/23 10:00
612,364,494,attended,TRUE,3/30/23 10:02,3/13/23 10:00
613,365,495,attended,TRUE,6/18/22 10:19,5/20/22 10:00
614,366,23,attended,TRUE,3/18/25 10:06,2/19/25 10:00
615,367,496,attended,TRUE,6/24/23 10:20,6/18/23 10:00
616,368,497,attended,TRUE,1/1/22 10:08,12/5/21 10:00
617,369,498,attended,TRUE,6/3/22 10:04,5/11/22 10:00
618,370,119,attended,TRUE,2/28/23 10:13,2/1/23 10:00
619,370,499,attended,TRUE,12/7/21 10:14,11/19/21 10:00
620,370,500,attended,TRUE,7/15/23 10:22,6/29/23 10:00
621,370,395,attended,TRUE,8/15/23 10:08,7/20/23 10:00
622,370,4,attended,TRUE,9/11/22 10:03,8/20/22 10:00
623,370,390,attended,TRUE,1/12/23 10:28,12/25/22 10:00
624,371,501,attended,TRUE,4/11/23 10:20,3/28/23 10:00
625,371,57,attended,TRUE,8/20/23 10:05,8/8/23 10:00
626,371,502,cancelled,FALSE,,3/2/24 10:00
627,372,503,attended,TRUE,12/24/24 10:14,11/26/24 10:00
628,373,504,cancelled,FALSE,,8/16/24 10:00
629,374,505,attended,TRUE,12/15/24 10:13,11/21/24 10:00
630,374,385,attended,TRUE,7/28/24 10:19,7/21/24 10:00
631,374,506,attended,TRUE,1/16/25 10:28,12/29/24 10:00
632,375,470,attended,TRUE,6/27/25 10:12,6/20/25 10:00
633,375,507,attended,TRUE,3/20/24 10:05,3/8/24 10:00
634,376,508,attended,TRUE,7/15/25 10:00,6/21/25 10:00
635,376,116,attended,TRUE,9/21/25 10:14,9/14/25 10:00
636,377,461,attended,TRUE,12/29/22 10:16,12/17/22 10:00
637,377,237,attended,TRUE,1/24/23 10:00,1/17/23 10:00
638,378,150,attended,TRUE,10/28/25 10:09,10/9/25 10:00
639,379,509,attended,TRUE,7/24/22 10:03,7/13/22 10:00
640,380,510,cancelled,FALSE,,5/13/24 10:00
641,381,511,attended,TRUE,1/16/24 10:29,12/30/23 10:00
642,381,512,attended,TRUE,7/10/24 10:19,7/9/24 10:00
643,381,513,attended,TRUE,5/27/25 10:01,5/18/25 10:00
644,381,514,attended,TRUE,6/16/23 10:08,5/26/23 10:00
645,382,515,attended,TRUE,5/29/25 10:15,5/8/25 10:00
646,382,516,no-show,FALSE,,10/18/24 10:00
647,383,143,attended,TRUE,12/15/21 10:22,11/22/21 10:00
648,384,517,attended,TRUE,12/30/21 10:08,12/21/21 10:00
649,384,508,attended,TRUE,7/15/25 10:01,6/24/25 10:00
650,385,518,attended,TRUE,5/14/24 10:26,4/25/24 10:00
651,386,159,attended,TRUE,12/28/21 10:27,12/27/21 10:00
652,386,519,attended,TRUE,3/31/22 10:29,3/8/22 10:00
653,387,397,attended,TRUE,10/25/25 10:19,10/9/25 10:00
654,388,520,attended,TRUE,6/4/25 10:14,5/14/25 10:00
655,388,521,attended,TRUE,5/1/24 10:05,4/15/24 10:00
656,389,522,attended,TRUE,12/15/21 10:23,11/29/21 10:00
657,389,523,attended,TRUE,9/13/22 10:20,8/16/22 10:00
658,390,524,no-show,FALSE,,11/22/22 10:00
659,390,525,attended,TRUE,9/20/23 10:11,9/18/23 10:00
660,390,46,attended,TRUE,9/4/22 10:19,9/3/22 10:00
661,390,526,attended,TRUE,10/26/24 10:22,9/27/24 10:00
662,390,352,attended,TRUE,4/19/22 10:22,4/14/22 10:00
663,390,527,attended,TRUE,7/18/25 10:05,6/24/25 10:00
664,390,528,attended,TRUE,12/21/24 10:27,11/23/24 10:00
665,391,529,attended,TRUE,10/25/24 10:02,10/20/24 10:00
666,391,530,attended,TRUE,12/27/23 10:26,12/13/23 10:00
667,391,229,attended,TRUE,9/3/22 10:03,8/6/22 10:00
668,392,531,attended,TRUE,5/23/24 10:14,5/21/24 10:00
669,393,342,attended,TRUE,6/15/23 10:22,5/25/23 10:00
670,394,532,cancelled,FALSE,,7/17/22 10:00
671,395,533,attended,TRUE,2/1/24 10:27,1/28/24 10:00
672,396,373,attended,TRUE,4/28/24 10:08,4/10/24 10:00
673,397,534,attended,TRUE,6/27/24 10:06,5/30/24 10:00
674,398,139,attended,TRUE,10/15/23 10:19,9/24/23 10:00
675,399,535,no-show,FALSE,,9/23/23 10:00
676,400,174,attended,TRUE,3/21/23 10:26,3/10/23 10:00
677,401,142,attended,TRUE,8/29/23 10:27,8/7/23 10:00
678,402,112,attended,TRUE,11/1/22 10:10,10/3/22 10:00
679,402,3,attended,TRUE,10/27/24 10:22,9/28/24 10:00
680,402,536,cancelled,FALSE,,8/9/23 10:00
681,403,537,attended,TRUE,4/23/22 10:00,4/6/22 10:00
682,404,538,cancelled,FALSE,,5/22/25 10:00
683,404,539,attended,TRUE,4/21/23 10:26,4/7/23 10:00
684,405,511,no-show,FALSE,,12/25/23 10:00
685,406,540,attended,TRUE,3/15/22 10:06,3/12/22 10:00
686,407,541,attended,TRUE,9/27/23 10:24,8/31/23 10:00
687,408,135,attended,TRUE,8/21/22 10:04,8/4/22 10:00
688,409,542,attended,TRUE,11/20/22 10:08,10/27/22 10:00
689,409,296,attended,TRUE,9/20/25 10:05,9/17/25 10:00
690,409,368,attended,TRUE,3/29/22 10:01,3/14/22 10:00
691,409,533,attended,TRUE,2/1/24 10:19,1/23/24 10:00
692,409,543,cancelled,FALSE,,7/8/23 10:00
693,410,544,attended,TRUE,1/14/25 10:20,1/8/25 10:00
694,410,362,attended,TRUE,9/17/24 10:26,8/24/24 10:00
695,411,101,attended,TRUE,7/21/24 10:00,6/24/24 10:00
696,412,545,attended,TRUE,9/19/25 10:08,9/9/25 10:00
697,413,546,attended,TRUE,5/20/22 10:11,5/2/22 10:00
698,413,547,attended,TRUE,1/5/24 10:10,1/1/24 10:00
699,414,548,attended,TRUE,1/30/24 10:18,1/15/24 10:00
700,414,448,attended,TRUE,5/18/25 10:22,4/21/25 10:00
701,415,549,attended,TRUE,8/27/25 10:18,8/24/25 10:00
702,416,550,attended,TRUE,10/15/23 10:02,9/30/23 10:00
703,416,529,attended,TRUE,10/25/24 10:29,10/21/24 10:00
704,416,551,attended,TRUE,2/15/23 10:05,2/12/23 10:00
705,417,118,attended,TRUE,7/27/25 10:02,7/3/25 10:00
706,417,365,attended,TRUE,3/19/23 10:10,3/13/23 10:00
707,418,552,attended,TRUE,7/28/23 10:20,7/9/23 10:00
708,418,553,attended,TRUE,6/22/23 10:24,6/21/23 10:00
709,419,554,attended,TRUE,9/7/24 10:25,9/1/24 10:00
710,420,555,attended,TRUE,6/14/23 10:06,6/13/23 10:00
711,421,556,attended,TRUE,5/4/25 10:11,4/13/25 10:00
712,422,557,attended,TRUE,2/14/24 10:02,1/30/24 10:00
713,423,558,no-show,FALSE,,9/27/25 10:00
714,424,559,attended,TRUE,8/19/22 10:26,8/9/22 10:00
715,425,560,no-show,FALSE,,3/22/22 10:00
716,426,561,attended,TRUE,10/26/23 10:24,10/2/23 10:00
717,427,165,attended,TRUE,5/24/22 10:04,4/30/22 10:00
718,428,66,attended,TRUE,9/27/22 10:01,9/17/22 10:00
719,429,562,attended,TRUE,10/16/24 10:22,10/3/24 10:00
720,430,563,attended,TRUE,4/15/23 10:05,4/5/23 10:00
721,431,564,attended,TRUE,10/18/24 10:04,10/9/24 10:00
722,432,565,cancelled,FALSE,,1/27/25 10:00
723,433,518,attended,TRUE,5/14/24 10:07,4/30/24 10:00
724,434,342,attended,TRUE,6/15/23 10:06,5/19/23 10:00
725,434,566,attended,TRUE,9/6/22 10:28,8/28/22 10:00
726,435,13,attended,TRUE,9/18/25 10:05,9/11/25 10:00
727,435,121,attended,TRUE,6/1/25 10:08,5/22/25 10:00
728,435,567,attended,TRUE,4/3/22 10:14,3/11/22 10:00
729,436,422,no-show,FALSE,,3/6/25 10:00
730,437,563,attended,TRUE,4/15/23 10:11,3/30/23 10:00
731,438,213,attended,TRUE,1/25/25 10:11,1/6/25 10:00
732,438,568,attended,TRUE,10/4/22 10:24,9/22/22 10:00
733,438,197,attended,TRUE,7/4/25 10:16,6/13/25 10:00
734,438,194,attended,TRUE,6/14/22 10:26,5/30/22 10:00
735,439,569,attended,TRUE,2/6/24 10:21,1/16/24 10:00
736,440,239,attended,TRUE,1/31/24 10:05,1/4/24 10:00
737,440,36,attended,TRUE,4/21/24 10:26,4/19/24 10:00
738,441,476,attended,TRUE,3/30/24 10:12,3/11/24 10:00
739,442,438,attended,TRUE,9/18/24 10:17,9/13/24 10:00
740,443,570,attended,TRUE,8/30/25 10:06,8/11/25 10:00
741,444,571,attended,TRUE,5/15/24 10:13,4/22/24 10:00
742,444,572,attended,TRUE,3/26/25 10:20,3/14/25 10:00
743,444,319,attended,TRUE,3/23/25 10:21,2/25/25 10:00
744,445,246,attended,TRUE,6/15/25 10:09,5/20/25 10:00
745,446,573,attended,TRUE,6/15/23 10:10,6/8/23 10:00
746,446,241,attended,TRUE,1/26/23 10:16,1/3/23 10:00
747,446,429,attended,TRUE,11/16/24 10:26,10/29/24 10:00
748,446,234,attended,TRUE,11/15/24 10:25,10/22/24 10:00
749,447,520,attended,TRUE,6/4/25 10:02,5/26/25 10:00
750,448,574,attended,TRUE,3/2/22 10:24,2/13/22 10:00
751,449,285,attended,TRUE,11/19/24 10:08,11/12/24 10:00
752,450,575,attended,TRUE,11/28/23 10:14,11/21/23 10:00
753,451,241,attended,TRUE,1/26/23 10:01,1/17/23 10:00
754,452,576,attended,TRUE,1/31/23 10:16,1/27/23 10:00
755,453,577,attended,TRUE,10/13/23 10:20,9/21/23 10:00
756,453,578,attended,TRUE,10/15/25 10:15,10/9/25 10:00
757,454,579,attended,TRUE,1/15/22 10:14,1/10/22 10:00
758,454,580,attended,TRUE,4/29/25 10:10,4/10/25 10:00
759,454,39,attended,TRUE,8/1/24 10:18,7/20/24 10:00
760,454,581,attended,TRUE,9/12/24 10:21,8/30/24 10:00
761,454,582,no-show,FALSE,,11/18/23 10:00
762,455,412,attended,TRUE,7/12/22 10:22,7/1/22 10:00
763,456,483,attended,TRUE,6/2/24 10:20,5/29/24 10:00
764,457,583,attended,TRUE,8/20/25 10:27,8/8/25 10:00
765,458,584,attended,TRUE,11/24/22 10:00,10/26/22 10:00
766,459,585,attended,TRUE,9/3/25 10:13,8/28/25 10:00
767,460,213,attended,TRUE,1/25/25 10:10,1/9/25 10:00
768,461,586,attended,TRUE,7/21/23 10:20,7/10/23 10:00
769,461,587,attended,TRUE,3/18/23 10:03,2/17/23 10:00
770,461,475,attended,TRUE,5/26/23 10:29,5/20/23 10:00
771,461,510,attended,TRUE,5/25/24 10:09,5/13/24 10:00
772,461,588,attended,TRUE,9/21/22 10:14,9/15/22 10:00
773,461,8,attended,TRUE,10/5/25 10:05,9/17/25 10:00
774,461,589,attended,TRUE,3/3/23 10:00,2/6/23 10:00
775,462,309,cancelled,FALSE,,8/9/23 10:00
776,462,44,attended,TRUE,10/22/24 10:18,10/3/24 10:00
777,463,590,attended,TRUE,3/22/23 10:13,2/27/23 10:00
778,464,591,attended,TRUE,4/3/25 10:12,3/10/25 10:00
779,465,592,attended,TRUE,3/12/24 10:26,2/25/24 10:00
780,465,553,attended,TRUE,6/22/23 10:08,6/14/23 10:00
781,465,593,attended,TRUE,9/15/24 10:11,8/22/24 10:00
782,466,594,attended,TRUE,5/15/24 10:10,4/25/24 10:00
783,467,595,attended,TRUE,6/16/22 10:21,5/31/22 10:00
784,467,169,attended,TRUE,5/31/25 10:09,5/18/25 10:00
785,467,596,attended,TRUE,11/7/25 10:29,11/5/25 10:00
786,468,235,attended,TRUE,1/16/22 10:07,12/18/21 10:00
787,469,305,attended,TRUE,3/15/25 10:29,2/18/25 10:00
788,470,151,no-show,FALSE,,7/16/24 10:00
789,470,148,attended,TRUE,3/25/22 10:13,3/11/22 10:00
790,471,527,attended,TRUE,7/18/25 10:08,6/23/25 10:00
791,471,458,attended,TRUE,1/20/24 10:12,1/1/24 10:00
792,472,219,attended,TRUE,12/15/22 10:00,11/26/22 10:00
793,473,597,attended,TRUE,10/25/22 10:16,10/19/22 10:00
794,474,598,cancelled,FALSE,,7/17/24 10:00
795,474,599,attended,TRUE,7/7/23 10:19,6/8/23 10:00
796,475,53,attended,TRUE,12/27/24 10:16,12/4/24 10:00
797,475,600,attended,TRUE,11/17/21 10:18,11/10/21 10:00
798,476,601,attended,TRUE,1/11/25 10:04,12/17/24 10:00
799,476,43,attended,TRUE,12/5/21 10:21,11/30/21 10:00
800,477,409,no-show,FALSE,,9/4/24 10:00
801,477,602,attended,TRUE,6/15/25 10:09,6/12/25 10:00
802,478,603,attended,TRUE,11/15/25 10:24,10/20/25 10:00
803,478,469,attended,TRUE,3/11/25 10:25,3/6/25 10:00
804,478,245,attended,TRUE,8/12/25 10:14,7/31/25 10:00
805,479,604,attended,TRUE,9/17/25 10:05,9/4/25 10:00
806,479,160,attended,TRUE,1/20/23 10:00,1/5/23 10:00
807,480,605,attended,TRUE,3/31/23 10:04,3/9/23 10:00
808,480,606,no-show,FALSE,,11/8/22 10:00
809,480,222,attended,TRUE,5/14/22 10:09,5/4/22 10:00
810,481,268,attended,TRUE,4/8/25 10:05,4/5/25 10:00
811,482,607,attended,TRUE,7/27/23 10:27,7/19/23 10:00
812,483,608,attended,TRUE,2/1/22 10:13,1/25/22 10:00
813,483,609,attended,TRUE,5/9/23 10:23,5/6/23 10:00
814,484,610,attended,TRUE,6/22/24 10:04,6/14/24 10:00
815,485,611,attended,TRUE,12/17/21 10:17,11/25/21 10:00
816,485,612,attended,TRUE,10/30/24 10:24,10/2/24 10:00
817,486,574,attended,TRUE,3/2/22 10:00,2/18/22 10:00
818,486,9,attended,TRUE,11/18/23 10:05,11/2/23 10:00
819,487,157,attended,TRUE,1/14/22 10:03,1/2/22 10:00
820,488,318,attended,TRUE,5/11/23 10:17,4/25/23 10:00
821,489,220,attended,TRUE,7/15/23 10:12,6/23/23 10:00
822,490,613,attended,TRUE,1/30/25 10:06,1/7/25 10:00
823,491,614,attended,TRUE,7/1/25 10:21,6/15/25 10:00
824,491,22,attended,TRUE,5/15/23 10:26,5/2/23 10:00
825,492,615,attended,TRUE,2/24/22 10:22,2/9/22 10:00
826,492,252,attended,TRUE,7/15/24 10:24,7/7/24 10:00
827,492,4,attended,TRUE,9/11/22 10:12,9/7/22 10:00
828,492,41,attended,TRUE,10/11/22 10:10,10/6/22 10:00
829,493,616,attended,TRUE,7/22/25 10:29,6/27/25 10:00
830,494,617,attended,TRUE,4/19/23 10:12,4/14/23 10:00
831,495,361,attended,TRUE,7/22/22 10:10,6/27/22 10:00
832,496,406,attended,TRUE,5/11/25 10:09,4/12/25 10:00
833,497,618,attended,TRUE,6/21/23 10:21,5/25/23 10:00
834,497,619,attended,TRUE,3/23/24 10:27,2/28/24 10:00
835,497,620,attended,TRUE,10/8/24 10:19,9/24/24 10:00
836,498,621,no-show,FALSE,,5/16/24 10:00
837,499,275,attended,TRUE,12/28/23 10:15,12/16/23 10:00
838,500,622,attended,TRUE,12/11/24 10:23,11/19/24 10:00
839,500,623,attended,TRUE,6/19/24 10:00,5/31/24 10:00
840,500,624,attended,TRUE,2/17/24 10:28,2/9/24 10:00
841,500,204,attended,TRUE,6/1/24 10:05,5/12/24 10:00
842,500,625,no-show,FALSE,,1/7/25 10:00
843,501,567,cancelled,FALSE,,3/22/22 10:00
844,502,492,attended,TRUE,6/15/24 10:16,6/4/24 10:00
845,503,295,attended,TRUE,7/14/24 10:00,6/17/24 10:00
846,503,102,cancelled,FALSE,,1/24/25 10:00
847,504,477,attended,TRUE,12/18/24 10:20,12/15/24 10:00
848,505,626,attended,TRUE,10/15/22 10:04,10/7/22 10:00
849,505,283,attended,TRUE,3/28/23 10:06,3/12/23 10:00
850,505,627,attended,TRUE,2/11/23 10:06,2/9/23 10:00
851,506,292,cancelled,FALSE,,5/11/25 10:00
852,507,628,attended,TRUE,10/10/24 10:10,10/7/24 10:00
853,508,629,attended,TRUE,9/23/23 10:20,9/10/23 10:00
854,508,630,attended,TRUE,5/4/22 10:13,4/28/22 10:00
855,509,631,attended,TRUE,11/6/25 10:09,11/1/25 10:00
856,510,576,attended,TRUE,1/31/23 10:12,1/21/23 10:00
857,511,632,attended,TRUE,6/29/24 10:26,6/7/24 10:00
858,512,229,attended,TRUE,9/3/22 10:01,8/18/22 10:00
859,513,480,attended,TRUE,12/8/22 10:13,11/29/22 10:00
860,514,633,attended,TRUE,10/29/24 10:05,10/23/24 10:00
861,515,634,attended,TRUE,10/18/22 10:21,10/5/22 10:00
862,515,635,attended,TRUE,3/5/24 10:26,2/17/24 10:00
863,515,636,attended,TRUE,6/4/23 10:14,5/31/23 10:00
864,515,426,attended,TRUE,1/3/23 10:02,12/8/22 10:00
865,515,418,attended,TRUE,6/23/22 10:21,6/11/22 10:00
866,516,637,attended,TRUE,2/2/25 10:03,1/9/25 10:00
867,517,352,attended,TRUE,4/19/22 10:27,3/29/22 10:00
868,518,21,attended,TRUE,9/5/23 10:25,8/23/23 10:00
869,518,638,attended,TRUE,8/25/23 10:00,7/30/23 10:00
870,519,639,attended,TRUE,6/15/22 10:10,6/9/22 10:00
871,520,118,cancelled,FALSE,,7/22/25 10:00
872,521,209,attended,TRUE,5/14/23 10:14,4/22/23 10:00
873,522,640,attended,TRUE,11/24/21 10:15,11/23/21 10:00
874,523,641,attended,TRUE,1/3/24 10:21,12/13/23 10:00
875,524,3,cancelled,FALSE,,10/14/24 10:00
876,524,642,attended,TRUE,11/28/21 10:01,11/3/21 10:00
877,524,643,cancelled,FALSE,,10/9/23 10:00
878,525,644,attended,TRUE,11/3/23 10:23,10/25/23 10:00
879,526,645,attended,TRUE,11/14/23 10:03,10/24/23 10:00
880,527,646,attended,TRUE,6/6/25 10:25,5/17/25 10:00
881,528,647,attended,TRUE,12/31/24 10:29,12/5/24 10:00
882,529,648,attended,TRUE,12/10/23 10:16,11/25/23 10:00
883,530,649,attended,TRUE,10/9/22 10:24,9/27/22 10:00
884,530,650,attended,TRUE,12/17/23 10:22,12/1/23 10:00
885,531,651,attended,TRUE,7/29/23 10:27,7/18/23 10:00
886,532,652,attended,TRUE,11/25/22 10:11,11/7/22 10:00
887,533,653,attended,TRUE,4/13/23 10:25,4/9/23 10:00
888,534,654,cancelled,FALSE,,1/22/25 10:00
889,535,655,attended,TRUE,3/29/23 10:24,3/11/23 10:00
890,536,165,attended,TRUE,5/24/22 10:27,5/11/22 10:00
891,537,212,attended,TRUE,7/15/25 10:02,6/23/25 10:00
892,537,36,no-show,FALSE,,4/16/24 10:00
893,538,412,attended,TRUE,7/12/22 10:29,7/1/22 10:00
894,539,382,attended,TRUE,6/7/24 10:18,5/15/24 10:00
895,540,450,attended,TRUE,4/15/23 10:06,4/6/23 10:00
896,540,656,attended,TRUE,4/9/23 10:26,3/23/23 10:00
897,541,307,attended,TRUE,4/30/23 10:23,4/10/23 10:00
898,541,657,attended,TRUE,7/9/23 10:14,6/11/23 10:00
899,542,554,attended,TRUE,9/7/24 10:01,8/24/24 10:00
900,543,658,attended,TRUE,3/27/24 10:09,3/12/24 10:00
901,543,74,attended,TRUE,12/4/21 10:03,12/2/21 10:00
902,543,222,attended,TRUE,5/14/22 10:15,4/16/22 10:00
903,544,24,attended,TRUE,9/29/22 10:11,9/14/22 10:00
904,544,659,attended,TRUE,2/15/25 10:28,2/13/25 10:00
905,545,660,attended,TRUE,11/25/23 10:21,11/5/23 10:00
906,545,661,attended,TRUE,10/7/23 10:08,9/25/23 10:00
907,546,442,attended,TRUE,7/15/22 10:10,7/1/22 10:00
908,546,662,attended,TRUE,9/26/23 10:09,9/4/23 10:00
909,546,663,attended,TRUE,8/4/24 10:26,7/10/24 10:00
910,547,601,attended,TRUE,1/11/25 10:17,1/10/25 10:00
911,548,419,attended,TRUE,11/26/24 10:05,11/17/24 10:00
912,549,441,cancelled,FALSE,,1/5/23 10:00
913,549,664,attended,TRUE,2/18/24 10:00,2/4/24 10:00
914,549,665,attended,TRUE,7/30/23 10:10,7/15/23 10:00
915,550,165,attended,TRUE,5/24/22 10:20,5/14/22 10:00
916,550,421,attended,TRUE,5/18/22 10:19,5/16/22 10:00
917,551,666,attended,TRUE,1/15/23 10:11,1/11/23 10:00
918,552,367,no-show,FALSE,,1/21/23 10:00
919,553,667,attended,TRUE,1/15/25 10:23,12/28/24 10:00
920,553,620,attended,TRUE,10/8/24 10:07,9/25/24 10:00
921,553,377,attended,TRUE,10/2/24 10:02,9/26/24 10:00
922,553,668,attended,TRUE,3/6/24 10:03,2/17/24 10:00
923,554,669,no-show,FALSE,,7/11/22 10:00
924,555,670,attended,TRUE,3/9/23 10:15,2/16/23 10:00
925,555,452,attended,TRUE,11/24/24 10:28,11/10/24 10:00
926,556,117,attended,TRUE,2/27/22 10:11,2/18/22 10:00
927,557,671,attended,TRUE,11/5/23 10:22,10/21/23 10:00
928,558,672,attended,TRUE,8/22/25 10:07,8/2/25 10:00
929,559,673,attended,TRUE,7/24/25 10:28,6/27/25 10:00
930,560,511,attended,TRUE,1/16/24 10:29,12/20/23 10:00
931,560,674,attended,TRUE,8/15/25 10:26,7/22/25 10:00
932,560,675,attended,TRUE,2/21/23 10:18,2/4/23 10:00
933,560,449,attended,TRUE,12/13/22 10:01,11/28/22 10:00
934,560,676,attended,TRUE,8/7/24 10:10,8/4/24 10:00
935,561,677,attended,TRUE,7/15/25 10:01,7/3/25 10:00
936,562,649,attended,TRUE,10/9/22 10:19,10/4/22 10:00
937,563,678,attended,TRUE,7/25/23 10:20,7/1/23 10:00
938,564,129,attended,TRUE,7/11/23 10:28,6/15/23 10:00
939,564,24,attended,TRUE,9/29/22 10:12,9/25/22 10:00
940,564,679,attended,TRUE,4/7/24 10:23,3/21/24 10:00
941,564,680,cancelled,FALSE,,1/6/24 10:00
942,564,681,cancelled,FALSE,,5/2/23 10:00
943,565,682,attended,TRUE,5/15/23 10:12,5/1/23 10:00
944,566,683,attended,TRUE,1/25/24 10:05,1/24/24 10:00
945,566,684,attended,TRUE,6/27/23 10:08,6/3/23 10:00
946,566,487,no-show,FALSE,,11/4/24 10:00
947,566,501,attended,TRUE,4/11/23 10:29,3/15/23 10:00
948,567,685,attended,TRUE,1/10/25 10:03,12/27/24 10:00
949,568,77,attended,TRUE,4/26/24 10:06,3/31/24 10:00
950,569,186,cancelled,FALSE,,5/31/22 10:00
951,570,488,attended,TRUE,2/15/22 10:19,2/5/22 10:00
952,570,464,attended,TRUE,11/15/25 10:17,10/29/25 10:00
953,570,430,attended,TRUE,7/4/23 10:25,6/6/23 10:00
954,571,342,no-show,FALSE,,6/7/23 10:00
955,572,228,attended,TRUE,7/16/25 10:18,7/4/25 10:00
956,572,615,attended,TRUE,2/24/22 10:06,2/8/22 10:00
957,572,686,attended,TRUE,5/17/22 10:29,4/22/22 10:00
958,573,245,attended,TRUE,8/12/25 10:08,7/29/25 10:00
959,574,687,attended,TRUE,4/12/25 10:22,3/19/25 10:00
960,574,229,attended,TRUE,9/3/22 10:05,8/9/22 10:00
961,575,495,attended,TRUE,6/18/22 10:16,6/9/22 10:00
962,576,688,attended,TRUE,4/16/24 10:01,3/25/24 10:00
963,577,29,attended,TRUE,9/12/23 10:12,8/23/23 10:00
964,578,689,attended,TRUE,12/10/24 10:21,12/4/24 10:00
965,579,17,attended,TRUE,8/24/25 10:08,8/14/25 10:00
966,579,580,cancelled,FALSE,,4/28/25 10:00
967,579,690,attended,TRUE,4/18/24 10:00,4/11/24 10:00
968,579,23,attended,TRUE,3/18/25 10:13,2/20/25 10:00
969,580,663,attended,TRUE,8/4/24 10:04,7/13/24 10:00
970,581,536,attended,TRUE,8/15/23 10:08,8/6/23 10:00
971,581,691,attended,TRUE,4/2/23 10:19,3/18/23 10:00
972,582,692,attended,TRUE,1/9/22 10:20,12/14/21 10:00
973,583,693,attended,TRUE,2/15/25 10:03,2/4/25 10:00
974,584,694,attended,TRUE,8/13/23 10:07,8/5/23 10:00
975,584,695,attended,TRUE,8/26/25 10:22,8/25/25 10:00
976,585,201,attended,TRUE,1/11/22 10:07,12/31/21 10:00
977,585,337,attended,TRUE,4/15/25 10:19,4/12/25 10:00
978,585,132,attended,TRUE,9/15/25 10:23,9/5/25 10:00
979,585,696,attended,TRUE,5/31/22 10:19,5/8/22 10:00
980,586,332,attended,TRUE,11/27/21 10:14,10/31/21 10:00
981,587,382,attended,TRUE,6/7/24 10:13,5/19/24 10:00
982,588,275,attended,TRUE,12/28/23 10:19,12/7/23 10:00
983,589,50,attended,TRUE,5/7/23 10:17,4/26/23 10:00
984,590,628,attended,TRUE,10/10/24 10:15,9/27/24 10:00
985,591,19,no-show,FALSE,,2/11/23 10:00
986,592,697,attended,TRUE,11/4/22 10:10,10/24/22 10:00
987,593,623,attended,TRUE,6/19/24 10:11,6/8/24 10:00
988,594,606,attended,TRUE,11/15/22 10:14,10/19/22 10:00
989,595,362,cancelled,FALSE,,9/12/24 10:00
990,595,109,attended,TRUE,8/18/24 10:23,7/21/24 10:00
991,595,209,attended,TRUE,5/14/23 10:06,4/28/23 10:00
992,596,456,attended,TRUE,11/9/23 10:22,10/22/23 10:00
993,597,698,attended,TRUE,9/24/23 10:21,9/18/23 10:00
994,597,699,attended,TRUE,6/17/22 10:08,6/4/22 10:00
995,597,700,attended,TRUE,3/26/22 10:01,3/13/22 10:00
996,597,604,attended,TRUE,9/17/25 10:27,8/26/25 10:00
997,598,701,attended,TRUE,10/30/25 10:02,10/11/25 10:00
998,599,323,attended,TRUE,4/6/24 10:15,3/16/24 10:00
999,599,702,attended,TRUE,12/24/21 10:11,12/6/21 10:00
1000,599,601,attended,TRUE,1/11/25 10:06,1/8/25 10:00
1001,599,703,attended,TRUE,5/23/25 10:16,4/29/25 10:00
1002,600,667,attended,TRUE,1/15/25 10:09,1/3/25 10:00
1003,601,213,attended,TRUE,1/25/25 10:24,1/15/25 10:00
1004,602,482,cancelled,FALSE,,2/9/22 10:00
1005,603,231,attended,TRUE,9/24/24 10:14,9/2/24 10:00
1006,604,315,attended,TRUE,4/17/25 10:04,4/16/25 10:00
1007,605,704,attended,TRUE,10/15/24 10:18,9/25/24 10:00
1008,605,705,attended,TRUE,9/19/23 10:19,9/13/23 10:00
1009,605,706,attended,TRUE,6/26/24 10:18,6/14/24 10:00
1010,605,366,attended,TRUE,9/14/22 10:13,8/31/22 10:00
1011,606,707,attended,TRUE,12/20/24 10:00,11/25/24 10:00
1012,607,66,attended,TRUE,9/27/22 10:09,9/2/22 10:00
1013,607,406,attended,TRUE,5/11/25 10:23,4/23/25 10:00
1014,607,708,attended,TRUE,10/19/25 10:07,10/3/25 10:00
1015,608,32,attended,TRUE,6/15/22 10:29,6/2/22 10:00
1016,608,709,attended,TRUE,11/17/24 10:04,10/30/24 10:00
1017,608,710,no-show,FALSE,,1/2/25 10:00
1018,608,686,attended,TRUE,5/17/22 10:12,5/13/22 10:00
1019,608,711,attended,TRUE,11/1/25 10:06,10/25/25 10:00
1020,609,712,attended,TRUE,10/6/23 10:18,10/2/23 10:00
1021,610,713,attended,TRUE,9/30/23 10:05,9/20/23 10:00
1022,610,714,attended,TRUE,11/26/22 10:05,10/29/22 10:00
1023,611,500,attended,TRUE,7/15/23 10:24,6/20/23 10:00
1024,612,502,attended,TRUE,3/3/24 10:12,2/8/24 10:00
1025,613,442,attended,TRUE,7/15/22 10:13,6/27/22 10:00
1026,614,715,attended,TRUE,2/18/22 10:24,2/6/22 10:00
1027,614,716,attended,TRUE,11/13/24 10:13,11/6/24 10:00
1028,615,701,attended,TRUE,10/30/25 10:19,10/1/25 10:00
1029,616,717,attended,TRUE,1/8/23 10:10,12/30/22 10:00
1030,617,718,attended,TRUE,9/15/22 10:11,8/21/22 10:00
1031,618,133,attended,TRUE,10/8/23 10:03,9/17/23 10:00
1032,619,719,attended,TRUE,11/16/21 10:28,10/25/21 10:00
1033,620,335,attended,TRUE,3/20/22 10:20,2/26/22 10:00
1034,620,720,attended,TRUE,12/30/22 10:20,12/5/22 10:00
1035,621,721,attended,TRUE,11/12/24 10:16,11/1/24 10:00
1036,621,359,attended,TRUE,4/15/25 10:17,3/28/25 10:00
1037,622,484,attended,TRUE,2/15/24 10:07,2/2/24 10:00
1038,623,309,attended,TRUE,8/24/23 10:12,7/27/23 10:00
1039,624,396,attended,TRUE,7/18/23 10:24,7/2/23 10:00
1040,625,722,attended,TRUE,8/3/22 10:09,7/19/22 10:00
1041,626,62,attended,TRUE,8/6/24 10:29,7/10/24 10:00
1042,627,614,no-show,FALSE,,6/16/25 10:00
1043,627,461,attended,TRUE,12/29/22 10:05,12/1/22 10:00
1044,628,723,attended,TRUE,12/18/21 10:09,12/5/21 10:00
1045,629,184,attended,TRUE,7/9/25 10:17,7/8/25 10:00
1046,630,474,attended,TRUE,12/26/21 10:10,11/29/21 10:00
1047,630,275,attended,TRUE,12/28/23 10:14,12/3/23 10:00
1048,630,724,no-show,FALSE,,11/29/22 10:00
1049,631,590,attended,TRUE,3/22/23 10:29,2/28/23 10:00
1050,631,578,attended,TRUE,10/15/25 10:12,10/11/25 10:00
1051,631,725,attended,TRUE,2/28/24 10:20,2/9/24 10:00
1052,631,726,attended,TRUE,2/9/25 10:13,1/26/25 10:00
1053,631,727,attended,TRUE,6/30/23 10:06,6/16/23 10:00
1054,632,646,no-show,FALSE,,5/16/25 10:00
1055,632,728,attended,TRUE,3/15/24 10:07,2/24/24 10:00
1056,632,729,attended,TRUE,2/12/25 10:19,2/7/25 10:00
1057,632,669,attended,TRUE,7/16/22 10:16,6/26/22 10:00
1058,632,730,attended,TRUE,5/20/23 10:19,5/17/23 10:00
1059,632,731,attended,TRUE,5/5/23 10:23,4/16/23 10:00
1060,633,732,attended,TRUE,3/15/22 10:00,3/1/22 10:00
1061,634,733,attended,TRUE,10/18/25 10:19,10/7/25 10:00
1062,635,467,attended,TRUE,9/17/23 10:05,9/9/23 10:00
1063,635,734,attended,TRUE,10/20/22 10:20,10/1/22 10:00
1064,636,398,attended,TRUE,3/4/25 10:21,2/16/25 10:00
1065,637,462,attended,TRUE,1/15/22 10:11,1/12/22 10:00
1066,638,593,attended,TRUE,9/15/24 10:23,9/14/24 10:00
1067,638,735,attended,TRUE,5/19/24 10:28,4/29/24 10:00
1068,638,736,attended,TRUE,2/2/22 10:20,1/7/22 10:00
1069,639,109,attended,TRUE,8/18/24 10:17,8/5/24 10:00
1070,640,737,attended,TRUE,12/15/24 10:27,11/28/24 10:00
1071,641,738,attended,TRUE,6/5/24 10:27,5/29/24 10:00
1072,642,739,attended,TRUE,12/15/21 10:14,12/9/21 10:00
1073,643,534,attended,TRUE,6/27/24 10:23,6/15/24 10:00
1074,644,740,attended,TRUE,2/15/22 10:07,1/18/22 10:00
1075,645,741,attended,TRUE,12/20/23 10:15,12/14/23 10:00
1076,646,684,attended,TRUE,6/27/23 10:29,6/4/23 10:00
1077,647,742,attended,TRUE,6/11/22 10:10,6/4/22 10:00
1078,648,143,attended,TRUE,12/15/21 10:09,12/10/21 10:00
1079,648,743,attended,TRUE,6/30/22 10:28,6/27/22 10:00
1080,649,744,attended,TRUE,9/6/24 10:06,9/5/24 10:00
1081,650,690,attended,TRUE,4/18/24 10:14,3/30/24 10:00
1082,651,159,attended,TRUE,12/28/21 10:07,12/13/21 10:00
1083,652,45,attended,TRUE,10/10/23 10:19,9/18/23 10:00
1084,653,745,attended,TRUE,8/15/23 10:07,7/31/23 10:00
1085,654,746,attended,TRUE,1/11/24 10:05,12/16/23 10:00
1086,655,747,attended,TRUE,5/28/23 10:16,5/13/23 10:00
1087,656,523,attended,TRUE,9/13/22 10:03,8/23/22 10:00
1088,657,313,attended,TRUE,10/21/25 10:19,9/25/25 10:00
1089,657,191,attended,TRUE,11/26/23 10:10,10/30/23 10:00
1090,657,748,attended,TRUE,12/16/21 10:29,11/18/21 10:00
1091,658,182,attended,TRUE,12/15/23 10:07,12/9/23 10:00
1092,659,66,attended,TRUE,9/27/22 10:23,9/12/22 10:00
1093,659,749,attended,TRUE,5/10/25 10:00,5/7/25 10:00
1094,660,299,attended,TRUE,6/15/24 10:01,5/22/24 10:00
1095,661,750,attended,TRUE,5/9/24 10:21,4/17/24 10:00
1096,661,472,attended,TRUE,8/19/25 10:27,8/5/25 10:00
1097,661,190,attended,TRUE,9/15/23 10:15,8/29/23 10:00
1098,661,44,attended,TRUE,10/22/24 10:12,9/24/24 10:00
1099,662,751,attended,TRUE,4/22/25 10:25,4/19/25 10:00
1100,663,752,attended,TRUE,5/15/22 10:08,5/1/22 10:00
1101,664,509,attended,TRUE,7/24/22 10:22,6/25/22 10:00
1102,664,753,attended,TRUE,9/3/23 10:03,8/16/23 10:00
1103,664,48,attended,TRUE,4/15/23 10:24,3/23/23 10:00
1104,665,108,attended,TRUE,3/10/24 10:20,2/19/24 10:00
1105,666,60,attended,TRUE,4/27/24 10:22,4/9/24 10:00
1106,666,754,attended,TRUE,11/27/24 10:14,11/26/24 10:00
1107,667,755,attended,TRUE,11/18/21 10:26,11/2/21 10:00
1108,668,513,attended,TRUE,5/27/25 10:01,5/3/25 10:00
1109,669,756,attended,TRUE,1/15/24 10:25,1/5/24 10:00
1110,670,474,attended,TRUE,12/26/21 10:26,12/13/21 10:00
1111,671,133,attended,TRUE,10/8/23 10:23,9/11/23 10:00
1112,671,757,attended,TRUE,11/1/24 10:01,10/7/24 10:00
1113,671,681,attended,TRUE,5/23/23 10:12,5/11/23 10:00
1114,672,758,attended,TRUE,8/5/22 10:29,7/13/22 10:00
1115,673,759,attended,TRUE,6/24/25 10:20,6/7/25 10:00
1116,674,760,attended,TRUE,2/11/24 10:14,1/21/24 10:00
1117,675,690,attended,TRUE,4/18/24 10:25,4/4/24 10:00
1118,675,125,attended,TRUE,4/19/25 10:03,4/15/25 10:00
1119,676,761,attended,TRUE,4/10/25 10:27,4/5/25 10:00
1120,677,762,attended,TRUE,2/17/23 10:24,2/8/23 10:00
1121,678,763,attended,TRUE,8/15/24 10:18,7/19/24 10:00
1122,678,261,attended,TRUE,6/15/22 10:25,5/21/22 10:00
1123,678,36,attended,TRUE,4/21/24 10:23,4/17/24 10:00
1124,678,336,attended,TRUE,6/15/25 10:11,6/9/25 10:00
1125,678,285,attended,TRUE,11/19/24 10:21,11/5/24 10:00
1126,679,258,attended,TRUE,1/2/24 10:04,12/22/23 10:00
1127,679,6,attended,TRUE,11/5/24 10:25,10/28/24 10:00
1128,680,178,attended,TRUE,3/17/24 10:06,3/1/24 10:00
1129,681,400,attended,TRUE,5/29/22 10:03,5/20/22 10:00
1130,681,176,attended,TRUE,3/2/24 10:20,2/20/24 10:00
1131,682,216,attended,TRUE,10/2/22 10:02,9/9/22 10:00
1132,683,764,attended,TRUE,6/10/25 10:28,5/26/25 10:00
1133,684,572,attended,TRUE,3/26/25 10:15,3/3/25 10:00
1134,684,765,attended,TRUE,7/3/24 10:07,6/8/24 10:00
1135,685,766,cancelled,FALSE,,10/26/21 10:00
1136,686,190,attended,TRUE,9/15/23 10:09,9/4/23 10:00
1137,686,724,attended,TRUE,12/20/22 10:14,11/27/22 10:00
1138,686,767,attended,TRUE,7/2/24 10:25,6/21/24 10:00
1139,687,566,attended,TRUE,9/6/22 10:22,8/22/22 10:00
1140,688,768,attended,TRUE,12/6/24 10:18,11/27/24 10:00
1141,688,769,attended,TRUE,11/7/21 10:19,10/29/21 10:00
1142,688,770,attended,TRUE,2/25/24 10:24,2/23/24 10:00
1143,689,637,attended,TRUE,2/2/25 10:04,1/28/25 10:00
1144,690,771,attended,TRUE,2/15/24 10:09,1/29/24 10:00
1145,690,499,attended,TRUE,12/7/21 10:07,12/6/21 10:00
1146,691,772,cancelled,FALSE,,4/15/25 10:00
1147,692,83,attended,TRUE,4/23/25 10:11,4/4/25 10:00
1148,693,682,attended,TRUE,5/15/23 10:09,4/22/23 10:00
1149,694,352,attended,TRUE,4/19/22 10:22,4/9/22 10:00
1150,695,773,attended,TRUE,12/25/22 10:18,12/19/22 10:00
1151,696,774,cancelled,FALSE,,4/5/22 10:00
1152,696,365,cancelled,FALSE,,3/3/23 10:00
1153,697,735,attended,TRUE,5/19/24 10:09,4/27/24 10:00
1154,697,327,attended,TRUE,6/15/23 10:23,6/10/23 10:00
1155,697,289,attended,TRUE,9/16/23 10:22,8/21/23 10:00
1156,697,376,attended,TRUE,8/29/25 10:04,8/24/25 10:00
1157,697,250,attended,TRUE,12/30/23 10:09,12/10/23 10:00
1158,698,383,cancelled,FALSE,,5/18/22 10:00
1159,698,775,no-show,FALSE,,8/13/23 10:00
1160,698,776,attended,TRUE,4/1/23 10:27,3/31/23 10:00
1161,699,122,attended,TRUE,2/8/24 10:18,2/1/24 10:00
1162,699,777,attended,TRUE,1/19/25 10:04,1/9/25 10:00
1163,700,778,attended,TRUE,11/6/24 10:00,10/18/24 10:00
1164,701,761,attended,TRUE,4/10/25 10:11,4/1/25 10:00
1165,701,779,attended,TRUE,11/19/23 10:16,10/26/23 10:00
1166,702,780,attended,TRUE,7/6/25 10:27,6/12/25 10:00
1167,703,781,attended,TRUE,4/17/22 10:12,3/31/22 10:00
1168,704,236,attended,TRUE,6/4/24 10:19,5/19/24 10:00
1169,704,196,no-show,FALSE,,4/22/22 10:00
1170,705,379,attended,TRUE,12/5/23 10:20,11/23/23 10:00
1171,706,150,attended,TRUE,10/28/25 10:18,10/23/25 10:00
1172,707,139,attended,TRUE,10/15/23 10:16,9/17/23 10:00
1173,708,163,attended,TRUE,8/21/25 10:16,8/10/25 10:00
1174,708,501,attended,TRUE,4/11/23 10:12,3/30/23 10:00
1175,708,320,attended,TRUE,4/27/25 10:29,3/30/25 10:00
1176,708,303,no-show,FALSE,,8/26/25 10:00
1177,709,782,attended,TRUE,9/9/22 10:16,8/12/22 10:00
1178,710,783,no-show,FALSE,,5/14/23 10:00
1179,710,448,attended,TRUE,5/18/25 10:28,5/2/25 10:00
1180,711,784,attended,TRUE,5/17/25 10:00,5/4/25 10:00
1181,712,169,attended,TRUE,5/31/25 10:02,5/9/25 10:00
1182,712,785,attended,TRUE,6/21/24 10:07,6/10/24 10:00
1183,712,776,attended,TRUE,4/1/23 10:06,3/22/23 10:00
1184,712,523,attended,TRUE,9/13/22 10:04,9/5/22 10:00
1185,713,695,attended,TRUE,8/26/25 10:19,8/17/25 10:00
1186,714,786,attended,TRUE,11/9/22 10:23,10/15/22 10:00
1187,714,787,attended,TRUE,12/16/23 10:03,11/20/23 10:00
1188,714,788,attended,TRUE,9/10/23 10:06,8/20/23 10:00
1189,715,350,attended,TRUE,2/27/24 10:15,2/15/24 10:00
1190,716,383,attended,TRUE,6/15/22 10:18,5/31/22 10:00
1191,717,789,attended,TRUE,3/21/25 10:29,2/28/25 10:00
1192,718,790,attended,TRUE,1/28/22 10:26,1/27/22 10:00
1193,719,791,attended,TRUE,5/15/22 10:27,4/21/22 10:00
1194,720,792,attended,TRUE,2/12/23 10:25,1/16/23 10:00
1195,721,793,attended,TRUE,1/13/23 10:16,12/18/22 10:00
1196,722,753,attended,TRUE,9/3/23 10:07,8/5/23 10:00
1197,722,794,attended,TRUE,5/7/24 10:06,4/13/24 10:00
1198,722,795,attended,TRUE,8/23/24 10:21,8/11/24 10:00
1199,723,119,attended,TRUE,2/28/23 10:12,2/26/23 10:00
1200,724,796,attended,TRUE,11/19/22 10:03,10/29/22 10:00
1201,725,397,attended,TRUE,10/25/25 10:16,10/14/25 10:00
1202,725,797,attended,TRUE,8/9/25 10:08,8/6/25 10:00
1203,726,798,attended,TRUE,8/5/23 10:17,7/18/23 10:00
1204,727,577,attended,TRUE,10/13/23 10:23,9/15/23 10:00
1205,728,403,attended,TRUE,5/28/24 10:27,5/10/24 10:00
1206,729,163,attended,TRUE,8/21/25 10:25,8/18/25 10:00
1207,730,402,cancelled,FALSE,,8/8/23 10:00
1208,731,626,attended,TRUE,10/15/22 10:16,9/26/22 10:00
1209,731,377,attended,TRUE,10/2/24 10:07,9/24/24 10:00
1210,732,452,attended,TRUE,11/24/24 10:25,11/15/24 10:00
1211,733,365,attended,TRUE,3/19/23 10:05,2/23/23 10:00
1212,733,219,attended,TRUE,12/15/22 10:29,11/22/22 10:00
1213,733,50,attended,TRUE,5/7/23 10:27,4/16/23 10:00
1214,733,799,attended,TRUE,11/27/22 10:07,11/19/22 10:00
1215,733,276,attended,TRUE,11/29/22 10:22,11/6/22 10:00
1216,734,800,attended,TRUE,11/14/24 10:05,10/30/24 10:00
1217,735,801,attended,TRUE,5/7/22 10:19,5/5/22 10:00
1218,736,432,attended,TRUE,2/26/23 10:17,2/17/23 10:00
1219,737,186,no-show,FALSE,,6/10/22 10:00
1220,738,802,attended,TRUE,11/30/23 10:06,11/6/23 10:00
1221,739,803,attended,TRUE,10/8/22 10:26,9/14/22 10:00
1222,740,804,no-show,FALSE,,11/1/23 10:00
1223,741,408,attended,TRUE,8/15/22 10:09,7/29/22 10:00
1224,742,285,attended,TRUE,11/19/24 10:06,11/17/24 10:00
1225,742,162,attended,TRUE,10/20/24 10:07,10/12/24 10:00
1226,742,264,attended,TRUE,6/15/23 10:24,5/27/23 10:00
1227,742,682,attended,TRUE,5/15/23 10:15,4/26/23 10:00
1228,742,218,attended,TRUE,6/25/23 10:03,6/10/23 10:00
1229,742,805,no-show,FALSE,,11/29/24 10:00
1230,743,806,attended,TRUE,10/25/23 10:25,10/14/23 10:00
1231,744,807,no-show,FALSE,,5/13/25 10:00
1232,745,808,cancelled,FALSE,,5/29/22 10:00
1233,746,612,attended,TRUE,10/30/24 10:14,10/26/24 10:00
1234,747,809,attended,TRUE,7/20/23 10:15,7/17/23 10:00
1235,748,523,attended,TRUE,9/13/22 10:03,9/6/22 10:00
1236,748,705,attended,TRUE,9/19/23 10:18,9/1/23 10:00
1237,748,388,attended,TRUE,1/18/22 10:19,1/11/22 10:00
1238,748,810,attended,TRUE,2/27/25 10:09,2/11/25 10:00
1239,748,811,attended,TRUE,2/17/22 10:00,1/29/22 10:00
1240,748,812,attended,TRUE,3/31/24 10:13,3/12/24 10:00
1241,749,813,attended,TRUE,4/5/25 10:28,3/8/25 10:00
1242,750,527,attended,TRUE,7/18/25 10:23,7/14/25 10:00
1243,751,235,attended,TRUE,1/16/22 10:14,12/18/21 10:00
1244,752,392,attended,TRUE,3/13/22 10:20,2/16/22 10:00
1245,753,636,attended,TRUE,6/4/23 10:18,5/28/23 10:00
1246,754,814,attended,TRUE,10/21/22 10:20,9/25/22 10:00
1247,755,272,attended,TRUE,1/22/23 10:24,1/2/23 10:00
1248,755,815,attended,TRUE,11/15/23 10:00,10/31/23 10:00
1249,756,816,attended,TRUE,4/9/24 10:24,3/31/24 10:00
1250,756,54,cancelled,FALSE,,12/1/22 10:00
1251,757,721,attended,TRUE,11/12/24 10:20,10/27/24 10:00
1252,758,800,attended,TRUE,11/14/24 10:10,11/8/24 10:00
1253,759,272,attended,TRUE,1/22/23 10:15,1/5/23 10:00
1254,760,817,attended,TRUE,8/23/22 10:09,8/6/22 10:00
1255,761,818,cancelled,FALSE,,9/16/25 10:00
1256,762,760,attended,TRUE,2/11/24 10:27,2/2/24 10:00
1257,763,542,attended,TRUE,11/20/22 10:07,11/2/22 10:00
1258,763,411,attended,TRUE,12/6/22 10:08,11/25/22 10:00
1259,763,819,cancelled,FALSE,,8/3/24 10:00
1260,763,514,attended,TRUE,6/16/23 10:14,5/26/23 10:00
1261,764,820,attended,TRUE,2/4/24 10:24,1/31/24 10:00
1262,765,577,attended,TRUE,10/13/23 10:15,10/7/23 10:00
1263,766,344,attended,TRUE,8/27/24 10:10,8/26/24 10:00
1264,767,260,attended,TRUE,11/9/21 10:16,10/11/21 10:00
1265,768,515,attended,TRUE,5/29/25 10:15,5/13/25 10:00
1266,769,821,attended,TRUE,3/26/23 10:05,3/20/23 10:00
1267,770,29,attended,TRUE,9/12/23 10:24,9/9/23 10:00
1268,770,822,attended,TRUE,7/5/24 10:21,6/21/24 10:00
1269,771,823,attended,TRUE,12/3/23 10:03,11/23/23 10:00
1270,772,711,attended,TRUE,11/1/25 10:14,10/4/25 10:00
1271,772,824,attended,TRUE,10/1/25 10:20,9/20/25 10:00
1272,773,304,attended,TRUE,3/28/25 10:17,3/6/25 10:00
1273,773,825,attended,TRUE,8/15/25 10:05,7/19/25 10:00
1274,773,195,attended,TRUE,4/28/23 10:24,4/21/23 10:00
1275,773,826,attended,TRUE,5/15/25 10:24,5/11/25 10:00
1276,774,827,attended,TRUE,1/8/22 10:06,12/31/21 10:00
1277,774,596,attended,TRUE,11/7/25 10:16,10/28/25 10:00
1278,775,98,attended,TRUE,6/12/25 10:10,6/2/25 10:00
1279,775,601,attended,TRUE,1/11/25 10:16,12/17/24 10:00
1280,776,828,attended,TRUE,9/8/24 10:03,8/23/24 10:00
1281,777,170,attended,TRUE,2/5/23 10:09,1/14/23 10:00
1282,778,133,attended,TRUE,10/8/23 10:06,9/18/23 10:00
1283,779,829,attended,TRUE,3/3/22 10:21,2/12/22 10:00
1284,779,830,cancelled,FALSE,,4/29/24 10:00
1285,779,831,attended,TRUE,5/15/22 10:06,5/9/22 10:00
1286,780,597,attended,TRUE,10/25/22 10:12,9/30/22 10:00
1287,781,548,attended,TRUE,1/30/24 10:05,1/4/24 10:00
1288,782,44,attended,TRUE,10/22/24 10:05,9/24/24 10:00
1289,782,575,attended,TRUE,11/28/23 10:21,11/8/23 10:00
1290,782,832,attended,TRUE,7/26/22 10:10,7/20/22 10:00
1291,782,833,attended,TRUE,4/23/23 10:15,4/6/23 10:00
1292,782,834,attended,TRUE,3/15/24 10:19,2/23/24 10:00
1293,783,255,attended,TRUE,12/1/23 10:13,11/5/23 10:00
1294,783,835,attended,TRUE,6/11/25 10:23,5/17/25 10:00
1295,783,836,attended,TRUE,3/15/23 10:07,3/6/23 10:00
1296,784,68,attended,TRUE,10/15/24 10:15,10/6/24 10:00
1297,785,688,attended,TRUE,4/16/24 10:26,3/19/24 10:00
1298,786,837,attended,TRUE,5/7/25 10:11,4/27/25 10:00
1299,787,504,attended,TRUE,9/10/24 10:09,9/5/24 10:00
1300,788,838,attended,TRUE,7/11/24 10:23,6/30/24 10:00
1301,789,751,attended,TRUE,4/22/25 10:26,4/10/25 10:00
1302,790,260,attended,TRUE,11/9/21 10:10,10/16/21 10:00
1303,791,839,cancelled,FALSE,,7/15/24 10:00
1304,792,840,attended,TRUE,2/23/23 10:18,2/9/23 10:00
1305,792,591,attended,TRUE,4/3/25 10:24,3/21/25 10:00
1306,792,318,attended,TRUE,5/11/23 10:00,4/27/23 10:00
1307,793,678,attended,TRUE,7/25/23 10:12,6/30/23 10:00
1308,794,45,attended,TRUE,10/10/23 10:13,10/8/23 10:00
1309,795,841,attended,TRUE,1/15/25 10:20,1/3/25 10:00
1310,796,773,attended,TRUE,12/25/22 10:04,11/29/22 10:00
1311,797,717,attended,TRUE,1/8/23 10:24,12/24/22 10:00
1312,798,172,no-show,FALSE,,12/23/22 10:00
1313,798,842,attended,TRUE,10/16/22 10:22,9/19/22 10:00
1314,798,843,attended,TRUE,2/20/25 10:06,2/13/25 10:00
1315,799,256,attended,TRUE,4/13/25 10:22,3/22/25 10:00
1316,800,573,attended,TRUE,6/15/23 10:09,6/6/23 10:00
1317,801,448,attended,TRUE,5/18/25 10:11,4/21/25 10:00
1318,801,844,attended,TRUE,9/22/24 10:10,9/21/24 10:00
1319,801,156,attended,TRUE,3/16/25 10:25,3/2/25 10:00
1320,802,845,attended,TRUE,2/26/22 10:10,2/13/22 10:00
1321,802,846,attended,TRUE,8/30/24 10:17,8/12/24 10:00
1322,803,847,attended,TRUE,10/3/23 10:06,9/9/23 10:00
1323,803,228,attended,TRUE,7/16/25 10:06,6/20/25 10:00
1324,804,88,attended,TRUE,4/10/24 10:16,3/21/24 10:00
1325,805,150,attended,TRUE,10/28/25 10:27,10/13/25 10:00
1326,805,848,attended,TRUE,5/2/24 10:03,4/23/24 10:00
1327,805,849,attended,TRUE,8/9/22 10:07,8/6/22 10:00
1328,806,281,attended,TRUE,1/21/24 10:10,1/15/24 10:00
1329,807,316,attended,TRUE,11/3/24 10:15,10/10/24 10:00
1330,808,850,attended,TRUE,7/6/24 10:18,6/12/24 10:00
1331,809,150,attended,TRUE,10/28/25 10:01,10/12/25 10:00
1332,809,851,attended,TRUE,10/15/22 10:21,9/20/22 10:00
1333,810,852,attended,TRUE,2/23/25 10:22,2/10/25 10:00
1334,811,729,attended,TRUE,2/12/25 10:15,1/20/25 10:00
1335,812,853,attended,TRUE,10/15/22 10:08,10/7/22 10:00
1336,813,854,attended,TRUE,2/3/22 10:18,1/14/22 10:00
1337,814,855,attended,TRUE,10/17/24 10:01,10/4/24 10:00
1338,814,856,attended,TRUE,4/24/24 10:01,4/20/24 10:00
1339,814,157,attended,TRUE,1/14/22 10:10,12/24/21 10:00
1340,814,148,attended,TRUE,3/25/22 10:17,3/16/22 10:00
1341,814,705,attended,TRUE,9/19/23 10:14,9/7/23 10:00
1342,815,270,attended,TRUE,6/6/24 10:03,5/27/24 10:00
1343,816,239,no-show,FALSE,,1/15/24 10:00
1344,817,709,attended,TRUE,11/17/24 10:23,10/19/24 10:00
1345,818,393,attended,TRUE,8/12/22 10:10,8/9/22 10:00
1346,819,857,attended,TRUE,9/1/22 10:23,8/7/22 10:00
1347,820,858,attended,TRUE,4/8/23 10:26,3/25/23 10:00
1348,821,859,attended,TRUE,3/23/23 10:27,3/18/23 10:00
1349,822,860,attended,TRUE,8/9/23 10:18,8/4/23 10:00
1350,823,593,attended,TRUE,9/15/24 10:18,9/5/24 10:00
1351,823,861,attended,TRUE,3/17/22 10:17,3/10/22 10:00
1352,823,156,attended,TRUE,3/16/25 10:14,3/13/25 10:00
1353,824,579,cancelled,FALSE,,1/7/22 10:00
1354,825,707,attended,TRUE,12/20/24 10:17,12/1/24 10:00
1355,826,244,attended,TRUE,4/15/25 10:21,3/21/25 10:00
1356,826,88,attended,TRUE,4/10/24 10:17,4/1/24 10:00
1357,827,862,attended,TRUE,12/4/22 10:26,11/17/22 10:00
1358,827,863,no-show,FALSE,,8/6/25 10:00
1359,827,433,no-show,FALSE,,4/15/25 10:00
1360,827,547,attended,TRUE,1/5/24 10:25,12/8/23 10:00
1361,828,864,attended,TRUE,2/22/22 10:22,1/30/22 10:00
1362,829,865,attended,TRUE,6/21/22 10:10,5/28/22 10:00
1363,829,494,attended,TRUE,3/30/23 10:11,3/2/23 10:00
1364,829,108,attended,TRUE,3/10/24 10:24,2/10/24 10:00
1365,830,568,attended,TRUE,10/4/22 10:23,9/19/22 10:00
1366,831,866,attended,TRUE,6/4/22 10:06,5/6/22 10:00
1367,831,178,attended,TRUE,3/17/24 10:10,3/11/24 10:00
1368,831,807,attended,TRUE,6/3/25 10:07,5/19/25 10:00
1369,832,771,attended,TRUE,2/15/24 10:11,1/31/24 10:00
1370,832,717,attended,TRUE,1/8/23 10:06,12/28/22 10:00
1371,832,137,attended,TRUE,12/11/22 10:22,11/19/22 10:00
1372,832,103,attended,TRUE,11/2/23 10:08,10/24/23 10:00
1373,833,867,attended,TRUE,9/2/25 10:23,8/13/25 10:00
1374,833,274,attended,TRUE,2/16/25 10:04,2/15/25 10:00
1375,833,414,attended,TRUE,5/8/25 10:20,5/4/25 10:00
1376,834,719,attended,TRUE,11/16/21 10:13,11/2/21 10:00
1377,835,868,attended,TRUE,7/16/23 10:25,7/3/23 10:00
1378,835,745,no-show,FALSE,,7/30/23 10:00
1379,835,869,attended,TRUE,11/15/23 10:16,10/19/23 10:00
1380,835,343,attended,TRUE,6/28/22 10:29,6/26/22 10:00
1381,836,125,attended,TRUE,4/19/25 10:11,4/2/25 10:00
1382,836,870,attended,TRUE,4/2/25 10:18,4/1/25 10:00
1383,837,871,attended,TRUE,3/14/24 10:01,2/29/24 10:00
1384,838,872,attended,TRUE,4/26/25 10:27,4/9/25 10:00
1385,839,525,attended,TRUE,9/20/23 10:10,8/25/23 10:00
1386,840,873,attended,TRUE,7/12/25 10:17,6/16/25 10:00
1387,840,457,attended,TRUE,7/5/22 10:09,6/19/22 10:00
1388,840,732,attended,TRUE,3/15/22 10:10,2/24/22 10:00
1389,840,609,attended,TRUE,5/9/23 10:02,4/18/23 10:00
1390,840,874,attended,TRUE,10/15/22 10:02,9/21/22 10:00
1391,841,875,attended,TRUE,9/16/25 10:02,8/28/25 10:00
1392,841,798,attended,TRUE,8/5/23 10:24,7/18/23 10:00
1393,842,108,attended,TRUE,3/10/24 10:17,3/6/24 10:00
1394,843,264,attended,TRUE,6/15/23 10:25,6/9/23 10:00
1395,843,391,attended,TRUE,5/15/24 10:27,4/28/24 10:00
1396,843,172,attended,TRUE,1/1/23 10:02,12/4/22 10:00
1397,844,548,attended,TRUE,1/30/24 10:29,1/11/24 10:00
1398,845,317,attended,TRUE,4/24/25 10:19,4/9/25 10:00
1399,846,44,no-show,FALSE,,10/1/24 10:00
1400,847,442,attended,TRUE,7/15/22 10:02,6/20/22 10:00
1401,847,876,attended,TRUE,8/17/24 10:21,7/23/24 10:00
1402,847,630,attended,TRUE,5/4/22 10:26,4/20/22 10:00
1403,848,5,cancelled,FALSE,,8/18/23 10:00
1404,848,877,attended,TRUE,2/6/25 10:28,1/22/25 10:00
1405,849,878,no-show,FALSE,,4/25/24 10:00
1406,849,879,attended,TRUE,9/11/24 10:10,8/21/24 10:00
1407,850,500,attended,TRUE,7/15/23 10:05,7/12/23 10:00
1408,851,316,attended,TRUE,11/3/24 10:18,10/13/24 10:00
1409,852,880,attended,TRUE,1/6/23 10:14,12/26/22 10:00
1410,853,702,cancelled,FALSE,,12/7/21 10:00
1411,854,212,attended,TRUE,7/15/25 10:00,6/16/25 10:00
1412,854,881,attended,TRUE,10/14/23 10:18,10/1/23 10:00
1413,854,497,attended,TRUE,1/1/22 10:00,12/22/21 10:00
1414,855,882,attended,TRUE,6/17/23 10:26,5/28/23 10:00
1415,855,19,attended,TRUE,3/1/23 10:00,2/16/23 10:00
1416,855,772,attended,TRUE,5/14/25 10:07,5/13/25 10:00
1417,855,883,attended,TRUE,1/15/22 10:13,1/4/22 10:00
1418,856,218,attended,TRUE,6/25/23 10:08,6/20/23 10:00
1419,857,398,attended,TRUE,3/4/25 10:07,2/4/25 10:00
1420,857,884,attended,TRUE,10/31/23 10:21,10/12/23 10:00
1421,857,119,attended,TRUE,2/28/23 10:10,2/3/23 10:00
1422,858,723,attended,TRUE,12/18/21 10:14,11/30/21 10:00
1423,859,885,attended,TRUE,3/2/23 10:21,2/9/23 10:00
1424,860,106,attended,TRUE,2/4/25 10:24,1/28/25 10:00
1425,861,504,attended,TRUE,9/10/24 10:18,8/14/24 10:00
1426,862,886,attended,TRUE,8/17/25 10:28,8/5/25 10:00
1427,863,380,attended,TRUE,6/28/25 10:22,5/30/25 10:00
1428,864,816,attended,TRUE,4/9/24 10:18,3/12/24 10:00
1429,865,500,attended,TRUE,7/15/23 10:06,7/10/23 10:00
1430,865,295,attended,TRUE,7/14/24 10:04,6/19/24 10:00
1431,865,29,cancelled,FALSE,,9/5/23 10:00
1432,865,17,attended,TRUE,8/24/25 10:03,8/18/25 10:00
1433,865,887,attended,TRUE,9/15/25 10:17,9/14/25 10:00
1434,866,888,no-show,FALSE,,5/31/23 10:00
1435,867,889,attended,TRUE,9/15/23 10:04,8/21/23 10:00
1436,868,890,attended,TRUE,12/15/21 10:11,11/27/21 10:00
1437,868,344,attended,TRUE,8/27/24 10:10,8/24/24 10:00
1438,868,891,attended,TRUE,2/21/25 10:10,1/24/25 10:00
1439,869,806,attended,TRUE,10/25/23 10:21,10/17/23 10:00
1440,869,892,attended,TRUE,8/17/22 10:06,8/10/22 10:00
1441,870,893,attended,TRUE,11/4/25 10:05,10/25/25 10:00
1442,871,157,attended,TRUE,1/14/22 10:08,12/31/21 10:00
1443,872,894,attended,TRUE,11/7/23 10:29,10/30/23 10:00
1444,872,682,attended,TRUE,5/15/23 10:24,5/8/23 10:00
1445,872,895,attended,TRUE,9/15/25 10:00,9/3/25 10:00
1446,872,224,attended,TRUE,11/10/22 10:28,11/5/22 10:00
1447,873,808,cancelled,FALSE,,5/7/22 10:00
1448,874,896,attended,TRUE,4/21/22 10:26,4/17/22 10:00
1449,874,472,attended,TRUE,8/19/25 10:00,8/6/25 10:00
1450,874,897,attended,TRUE,12/5/24 10:27,11/20/24 10:00
1451,874,108,no-show,FALSE,,2/15/24 10:00
1452,875,51,attended,TRUE,5/16/23 10:01,5/3/23 10:00
1453,876,318,attended,TRUE,5/11/23 10:14,4/26/23 10:00
1454,877,271,attended,TRUE,8/22/24 10:06,8/9/24 10:00
1455,878,514,attended,TRUE,6/16/23 10:24,6/9/23 10:00
1456,879,648,attended,TRUE,12/10/23 10:18,11/27/23 10:00
1457,880,898,no-show,FALSE,,11/16/24 10:00
1458,881,130,attended,TRUE,6/15/25 10:05,6/12/25 10:00
1459,882,899,attended,TRUE,12/3/24 10:29,11/16/24 10:00
1460,883,161,attended,TRUE,9/28/25 10:23,9/9/25 10:00
1461,883,443,attended,TRUE,1/23/22 10:03,1/6/22 10:00
1462,883,223,attended,TRUE,5/21/24 10:24,5/15/24 10:00
1463,884,459,attended,TRUE,9/13/24 10:03,9/6/24 10:00
1464,885,900,attended,TRUE,3/21/24 10:23,3/5/24 10:00
1465,885,524,attended,TRUE,12/17/22 10:11,11/27/22 10:00
1466,886,245,attended,TRUE,8/12/25 10:10,7/19/25 10:00
1467,886,670,attended,TRUE,3/9/23 10:06,2/23/23 10:00
1468,887,59,attended,TRUE,9/4/25 10:02,8/28/25 10:00
1469,888,146,cancelled,FALSE,,3/27/23 10:00
1470,889,901,attended,TRUE,8/12/23 10:08,7/27/23 10:00
1471,889,679,attended,TRUE,4/7/24 10:03,3/21/24 10:00
1472,890,902,attended,TRUE,9/7/25 10:00,8/23/25 10:00
1473,891,903,cancelled,FALSE,,4/24/23 10:00
1474,892,70,attended,TRUE,11/14/21 10:13,10/19/21 10:00
1475,893,496,attended,TRUE,6/24/23 10:27,6/11/23 10:00
1476,894,904,attended,TRUE,1/25/22 10:11,1/21/22 10:00
1477,895,158,cancelled,FALSE,,5/10/24 10:00
1478,896,42,attended,TRUE,6/18/23 10:02,5/22/23 10:00
1479,896,905,attended,TRUE,3/24/24 10:27,3/10/24 10:00
1480,897,792,attended,TRUE,2/12/23 10:09,1/22/23 10:00
1481,898,238,no-show,FALSE,,6/2/22 10:00
1482,898,906,attended,TRUE,8/1/23 10:20,7/11/23 10:00
1483,898,907,attended,TRUE,5/16/25 10:12,4/20/25 10:00
1484,898,818,attended,TRUE,10/7/25 10:15,9/8/25 10:00
1485,898,564,attended,TRUE,10/18/24 10:08,10/17/24 10:00
1486,899,51,cancelled,FALSE,,4/22/23 10:00
1487,899,127,attended,TRUE,5/25/25 10:04,5/23/25 10:00
1488,900,560,attended,TRUE,4/13/22 10:07,3/16/22 10:00
1489,901,507,attended,TRUE,3/20/24 10:18,3/14/24 10:00
1490,902,320,no-show,FALSE,,4/26/25 10:00
1491,902,908,attended,TRUE,12/15/24 10:04,11/28/24 10:00
1492,902,691,attended,TRUE,4/2/23 10:22,3/28/23 10:00
1493,902,855,attended,TRUE,10/17/24 10:24,10/1/24 10:00
1494,903,124,attended,TRUE,11/20/24 10:01,11/18/24 10:00
1495,904,448,attended,TRUE,5/18/25 10:25,4/28/25 10:00
1496,905,56,attended,TRUE,5/13/25 10:27,5/6/25 10:00
1497,906,325,attended,TRUE,3/9/24 10:21,2/14/24 10:00
1498,907,183,attended,TRUE,10/12/23 10:11,10/2/23 10:00
1499,907,909,attended,TRUE,10/2/25 10:13,9/12/25 10:00
1500,907,910,attended,TRUE,6/15/24 10:05,5/19/24 10:00
1501,907,911,attended,TRUE,6/18/24 10:05,6/4/24 10:00
1502,907,912,attended,TRUE,9/25/25 10:29,9/19/25 10:00
1503,908,570,attended,TRUE,8/30/25 10:04,8/13/25 10:00
1504,908,778,attended,TRUE,11/6/24 10:25,10/13/24 10:00
1505,908,152,attended,TRUE,5/13/22 10:21,4/17/22 10:00
1506,908,17,attended,TRUE,8/24/25 10:11,8/18/25 10:00
1507,909,152,attended,TRUE,5/13/22 10:29,4/14/22 10:00
1508,909,913,attended,TRUE,8/24/24 10:25,8/20/24 10:00
1509,910,127,no-show,FALSE,,5/19/25 10:00
1510,911,914,attended,TRUE,7/23/25 10:06,7/7/25 10:00
1511,912,875,attended,TRUE,9/16/25 10:12,9/6/25 10:00
1512,913,915,attended,TRUE,10/15/23 10:11,9/24/23 10:00
1513,913,171,attended,TRUE,8/3/23 10:08,7/7/23 10:00
1514,914,916,attended,TRUE,5/8/24 10:10,4/18/24 10:00
1515,915,102,attended,TRUE,2/13/25 10:25,2/12/25 10:00
1516,916,233,attended,TRUE,6/20/25 10:10,6/19/25 10:00
1517,916,149,attended,TRUE,4/15/24 10:28,4/14/24 10:00
1518,917,917,attended,TRUE,11/22/23 10:01,11/6/23 10:00
1519,917,705,attended,TRUE,9/19/23 10:27,8/26/23 10:00
1520,917,9,attended,TRUE,11/18/23 10:29,11/13/23 10:00
1521,918,918,attended,TRUE,3/10/22 10:01,2/24/22 10:00
1522,919,568,attended,TRUE,10/4/22 10:12,9/16/22 10:00
1523,920,912,attended,TRUE,9/25/25 10:19,8/31/25 10:00
1524,920,919,attended,TRUE,2/8/22 10:16,1/15/22 10:00
1525,921,484,attended,TRUE,2/15/24 10:05,2/9/24 10:00
1526,921,94,attended,TRUE,12/18/22 10:00,12/14/22 10:00
1527,921,335,no-show,FALSE,,3/8/22 10:00
1528,922,783,attended,TRUE,5/30/23 10:13,5/27/23 10:00
1529,922,920,attended,TRUE,5/19/23 10:03,5/16/23 10:00
1530,922,256,attended,TRUE,4/13/25 10:14,3/28/25 10:00
1531,923,457,attended,TRUE,7/5/22 10:27,6/21/22 10:00
1532,924,771,attended,TRUE,2/15/24 10:17,1/17/24 10:00
1533,925,363,attended,TRUE,12/8/23 10:04,11/23/23 10:00
1534,926,398,attended,TRUE,3/4/25 10:19,2/4/25 10:00
1535,926,921,attended,TRUE,1/7/22 10:20,12/12/21 10:00
1536,927,888,attended,TRUE,6/20/23 10:09,6/19/23 10:00
1537,928,65,attended,TRUE,11/2/25 10:15,10/17/25 10:00
1538,928,830,cancelled,FALSE,,4/5/24 10:00
1539,929,534,attended,TRUE,6/27/24 10:10,6/22/24 10:00
1540,929,922,attended,TRUE,7/30/22 10:17,7/8/22 10:00
1541,930,279,attended,TRUE,12/23/23 10:19,12/11/23 10:00
1542,931,795,attended,TRUE,8/23/24 10:22,8/1/24 10:00
1543,932,171,attended,TRUE,8/3/23 10:15,7/30/23 10:00
1544,932,615,no-show,FALSE,,2/8/22 10:00
1545,932,923,attended,TRUE,8/4/22 10:07,7/30/22 10:00
1546,933,924,attended,TRUE,12/14/22 10:04,11/27/22 10:00
1547,934,925,attended,TRUE,1/17/24 10:04,12/22/23 10:00
1548,934,321,attended,TRUE,5/30/25 10:21,5/22/25 10:00
1549,935,926,attended,TRUE,12/14/23 10:23,12/11/23 10:00
1550,935,854,attended,TRUE,2/3/22 10:22,1/30/22 10:00
1551,936,392,cancelled,FALSE,,2/28/22 10:00
1552,936,922,attended,TRUE,7/30/22 10:19,7/1/22 10:00
1553,937,927,attended,TRUE,12/2/21 10:07,11/28/21 10:00
1554,938,928,attended,TRUE,10/19/24 10:08,10/11/24 10:00
1555,939,929,attended,TRUE,7/24/24 10:23,7/18/24 10:00
1556,940,37,attended,TRUE,6/11/24 10:09,5/20/24 10:00
1557,940,84,attended,TRUE,2/9/22 10:22,1/29/22 10:00
1558,940,747,attended,TRUE,5/28/23 10:21,5/13/23 10:00
1559,941,930,attended,TRUE,10/13/22 10:16,9/24/22 10:00
1560,942,931,attended,TRUE,5/3/22 10:18,4/16/22 10:00
1561,943,327,attended,TRUE,6/15/23 10:08,5/17/23 10:00
1562,943,932,attended,TRUE,6/17/25 10:28,5/23/25 10:00
1563,944,586,attended,TRUE,7/21/23 10:10,7/16/23 10:00
1564,945,911,attended,TRUE,6/18/24 10:11,6/4/24 10:00
1565,945,100,attended,TRUE,3/28/24 10:04,3/6/24 10:00
1566,946,502,attended,TRUE,3/3/24 10:23,2/13/24 10:00
1567,946,519,attended,TRUE,3/31/22 10:01,3/3/22 10:00
1568,946,120,attended,TRUE,9/28/23 10:28,9/4/23 10:00
1569,947,933,attended,TRUE,11/21/23 10:12,10/26/23 10:00
1570,948,283,attended,TRUE,3/28/23 10:01,3/7/23 10:00
1571,949,791,attended,TRUE,5/15/22 10:06,4/19/22 10:00
1572,950,455,no-show,FALSE,,7/9/25 10:00
1573,951,896,attended,TRUE,4/21/22 10:20,4/16/22 10:00
1574,952,554,attended,TRUE,9/7/24 10:26,9/5/24 10:00
1575,952,934,attended,TRUE,3/5/25 10:07,2/7/25 10:00
1576,953,31,attended,TRUE,8/30/22 10:12,8/24/22 10:00
1577,954,935,attended,TRUE,8/15/24 10:00,8/4/24 10:00
1578,954,636,attended,TRUE,6/4/23 10:15,5/16/23 10:00
1579,955,240,attended,TRUE,6/15/25 10:27,5/30/25 10:00
1580,956,690,attended,TRUE,4/18/24 10:06,4/6/24 10:00
1581,956,52,attended,TRUE,3/15/23 10:27,2/22/23 10:00
1582,957,936,cancelled,FALSE,,1/29/25 10:00
1583,958,670,attended,TRUE,3/9/23 10:06,2/22/23 10:00
1584,958,411,cancelled,FALSE,,11/21/22 10:00
1585,959,386,attended,TRUE,1/21/23 10:14,1/3/23 10:00
1586,960,937,attended,TRUE,4/30/24 10:23,4/26/24 10:00
1587,960,938,attended,TRUE,3/22/22 10:20,3/13/22 10:00
1588,961,208,attended,TRUE,2/15/22 10:16,1/21/22 10:00
1589,961,939,attended,TRUE,4/10/22 10:10,3/30/22 10:00
1590,961,940,attended,TRUE,1/10/24 10:05,12/12/23 10:00
1591,962,531,attended,TRUE,5/23/24 10:10,5/14/24 10:00
1592,963,234,attended,TRUE,11/15/24 10:27,10/20/24 10:00
1593,964,941,attended,TRUE,2/15/23 10:24,1/30/23 10:00
1594,965,528,attended,TRUE,12/21/24 10:14,12/3/24 10:00
1595,966,942,attended,TRUE,7/14/23 10:03,6/22/23 10:00
1596,967,943,attended,TRUE,4/15/22 10:27,3/24/22 10:00
1597,968,356,attended,TRUE,3/8/25 10:24,2/25/25 10:00
1598,969,828,cancelled,FALSE,,8/22/24 10:00
1599,970,2,attended,TRUE,4/2/22 10:25,3/30/22 10:00
1600,971,944,attended,TRUE,4/12/24 10:13,3/31/24 10:00
1601,971,753,attended,TRUE,9/3/23 10:00,8/13/23 10:00
1602,972,149,attended,TRUE,4/15/24 10:04,3/28/24 10:00
1603,972,939,attended,TRUE,4/10/22 10:07,4/6/22 10:00
1604,972,945,attended,TRUE,10/1/24 10:26,9/16/24 10:00
1605,972,583,attended,TRUE,8/20/25 10:03,8/16/25 10:00
1606,973,379,attended,TRUE,12/5/23 10:22,11/17/23 10:00
1607,974,326,attended,TRUE,6/26/25 10:04,6/16/25 10:00
1608,974,419,attended,TRUE,11/26/24 10:11,10/29/24 10:00
1609,975,10,attended,TRUE,6/23/24 10:14,6/13/24 10:00
1610,976,946,attended,TRUE,1/7/24 10:17,12/24/23 10:00
1611,976,598,attended,TRUE,7/23/24 10:27,7/20/24 10:00
1612,977,947,attended,TRUE,1/28/23 10:05,1/11/23 10:00
1613,977,948,no-show,FALSE,,8/22/24 10:00
1614,978,949,attended,TRUE,10/16/25 10:26,10/11/25 10:00
1615,979,498,attended,TRUE,6/3/22 10:07,5/12/22 10:00
1616,979,950,attended,TRUE,4/14/23 10:00,3/20/23 10:00
1617,980,351,attended,TRUE,9/25/24 10:23,9/18/24 10:00
1618,981,12,attended,TRUE,6/15/24 10:11,5/22/24 10:00
1619,982,920,attended,TRUE,5/19/23 10:19,5/2/23 10:00
1620,982,353,attended,TRUE,4/12/22 10:04,3/18/22 10:00
1621,983,635,attended,TRUE,3/5/24 10:27,2/15/24 10:00
1622,984,272,attended,TRUE,1/22/23 10:16,1/5/23 10:00
1623,985,113,attended,TRUE,10/12/22 10:25,10/10/22 10:00
1624,986,951,attended,TRUE,6/28/23 10:11,6/10/23 10:00
1625,986,952,attended,TRUE,7/22/23 10:07,7/4/23 10:00
1626,986,665,attended,TRUE,7/30/23 10:16,7/7/23 10:00
1627,986,943,attended,TRUE,4/15/22 10:11,4/9/22 10:00
1628,986,953,attended,TRUE,8/8/25 10:03,8/2/25 10:00
1629,987,742,attended,TRUE,6/11/22 10:05,5/20/22 10:00
1630,988,954,attended,TRUE,11/10/23 10:20,10/20/23 10:00
1631,989,729,attended,TRUE,2/12/25 10:19,1/15/25 10:00
1632,990,351,attended,TRUE,9/25/24 10:26,9/17/24 10:00
1633,990,955,attended,TRUE,1/14/23 10:22,12/20/22 10:00
1634,991,380,attended,TRUE,6/28/25 10:17,6/23/25 10:00
1635,992,956,attended,TRUE,9/9/23 10:13,8/20/23 10:00
1636,993,957,attended,TRUE,5/24/25 10:06,4/26/25 10:00
1637,993,434,attended,TRUE,4/14/24 10:01,4/5/24 10:00
1638,993,327,attended,TRUE,6/15/23 10:09,6/2/23 10:00
1639,994,439,attended,TRUE,12/4/24 10:28,11/21/24 10:00
1640,995,230,attended,TRUE,7/15/24 10:13,6/28/24 10:00
1641,996,958,attended,TRUE,5/10/24 10:15,4/11/24 10:00
1642,997,938,attended,TRUE,3/22/22 10:10,3/7/22 10:00
1643,998,841,attended,TRUE,1/15/25 10:23,1/10/25 10:00
1644,998,959,no-show,FALSE,,6/21/22 10:00
1645,998,960,attended,TRUE,11/15/23 10:08,11/12/23 10:00
1646,998,961,attended,TRUE,8/10/24 10:17,7/18/24 10:00
1647,998,355,cancelled,FALSE,,10/11/24 10:00
1648,998,962,attended,TRUE,11/15/22 10:29,11/8/22 10:00
1649,999,241,attended,TRUE,1/26/23 10:19,1/2/23 10:00
1650,999,379,attended,TRUE,12/5/23 10:02,11/15/23 10:00
1651,1000,963,attended,TRUE,11/13/21 10:24,11/11/21 10:00
1652,1001,852,attended,TRUE,2/23/25 10:04,2/9/25 10:00
1653,1002,363,attended,TRUE,12/8/23 10:15,12/3/23 10:00
1654,1003,359,attended,TRUE,4/15/25 10:05,3/19/25 10:00
1655,1003,428,attended,TRUE,11/11/21 10:25,10/17/21 10:00
1656,1004,294,cancelled,FALSE,,9/26/25 10:00
1657,1005,330,attended,TRUE,10/15/25 10:05,9/19/25 10:00
1658,1005,964,attended,TRUE,1/15/23 10:13,12/25/22 10:00
1659,1006,3,attended,TRUE,10/27/24 10:18,10/14/24 10:00
1660,1007,965,attended,TRUE,5/15/25 10:07,5/8/25 10:00
1661,1007,335,attended,TRUE,3/20/22 10:11,2/21/22 10:00
1662,1007,966,attended,TRUE,1/15/24 10:07,1/12/24 10:00
1663,1008,883,attended,TRUE,1/15/22 10:04,1/6/22 10:00
1664,1009,574,attended,TRUE,3/2/22 10:12,2/1/22 10:00
1665,1009,154,attended,TRUE,12/1/21 10:23,11/27/21 10:00
1666,1009,642,attended,TRUE,11/28/21 10:18,11/4/21 10:00
1667,1010,728,attended,TRUE,3/15/24 10:04,2/22/24 10:00
1668,1011,967,attended,TRUE,7/23/23 10:14,7/16/23 10:00
1669,1012,662,attended,TRUE,9/26/23 10:21,9/21/23 10:00
1670,1012,715,cancelled,FALSE,,2/9/22 10:00
1671,1012,269,attended,TRUE,7/13/25 10:20,7/12/25 10:00
1672,1013,94,attended,TRUE,12/18/22 10:16,12/14/22 10:00
1673,1013,798,attended,TRUE,8/5/23 10:16,7/26/23 10:00
1674,1014,99,attended,TRUE,6/29/23 10:24,6/25/23 10:00
1675,1015,968,attended,TRUE,4/5/23 10:19,3/15/23 10:00
1676,1015,293,attended,TRUE,9/10/22 10:07,8/25/22 10:00
1677,1016,608,attended,TRUE,2/1/22 10:14,1/10/22 10:00
1678,1017,969,attended,TRUE,8/8/23 10:26,7/29/23 10:00
1679,1017,970,attended,TRUE,3/30/22 10:17,3/26/22 10:00
1680,1018,400,attended,TRUE,5/29/22 10:19,5/5/22 10:00
1681,1019,971,attended,TRUE,12/14/21 10:04,11/29/21 10:00
1682,1020,477,attended,TRUE,12/18/24 10:28,12/15/24 10:00
1683,1021,944,attended,TRUE,4/12/24 10:29,3/18/24 10:00
1684,1021,822,attended,TRUE,7/5/24 10:10,6/11/24 10:00
1685,1021,683,attended,TRUE,1/25/24 10:08,12/27/23 10:00
1686,1022,367,attended,TRUE,2/14/23 10:12,2/12/23 10:00
1687,1023,397,cancelled,FALSE,,9/28/25 10:00
1688,1024,972,attended,TRUE,11/22/24 10:20,11/18/24 10:00
1689,1025,294,attended,TRUE,10/4/25 10:13,9/19/25 10:00
1690,1026,973,attended,TRUE,9/15/22 10:05,8/27/22 10:00
1691,1026,867,attended,TRUE,9/2/25 10:22,8/4/25 10:00
1692,1026,498,attended,TRUE,6/3/22 10:27,5/11/22 10:00
1693,1027,423,attended,TRUE,4/25/24 10:15,3/30/24 10:00
1694,1027,327,attended,TRUE,6/15/23 10:09,5/21/23 10:00
1695,1028,597,attended,TRUE,10/25/22 10:16,10/17/22 10:00
1696,1028,974,no-show,FALSE,,11/28/22 10:00
1697,1029,442,attended,TRUE,7/15/22 10:19,6/21/22 10:00
1698,1030,488,attended,TRUE,2/15/22 10:27,1/26/22 10:00
1699,1031,975,attended,TRUE,2/19/23 10:07,2/7/23 10:00
1700,1031,766,attended,TRUE,11/20/21 10:27,10/23/21 10:00
1701,1031,976,cancelled,FALSE,,5/24/22 10:00
1702,1031,977,attended,TRUE,2/26/25 10:22,1/30/25 10:00
1703,1031,839,attended,TRUE,7/30/24 10:13,7/16/24 10:00
1704,1032,978,attended,TRUE,3/1/25 10:20,2/27/25 10:00
1705,1033,979,attended,TRUE,6/25/24 10:27,6/21/24 10:00
1706,1034,886,attended,TRUE,8/17/25 10:08,7/23/25 10:00
1707,1035,629,attended,TRUE,9/23/23 10:23,8/27/23 10:00
1708,1036,809,attended,TRUE,7/20/23 10:08,6/26/23 10:00
1709,1037,564,attended,TRUE,10/18/24 10:08,9/19/24 10:00
1710,1037,980,attended,TRUE,1/12/22 10:16,12/22/21 10:00
1711,1038,70,attended,TRUE,11/14/21 10:13,11/3/21 10:00
1712,1039,562,attended,TRUE,10/16/24 10:26,9/24/24 10:00
1713,1039,981,attended,TRUE,3/6/25 10:11,2/25/25 10:00
1714,1039,982,attended,TRUE,6/5/25 10:00,6/2/25 10:00
1715,1040,394,attended,TRUE,4/6/22 10:22,4/2/22 10:00
1716,1041,594,attended,TRUE,5/15/24 10:15,4/19/24 10:00
1717,1042,710,attended,TRUE,1/15/25 10:18,1/7/25 10:00
1718,1043,983,attended,TRUE,5/12/23 10:07,4/26/23 10:00
1719,1044,911,attended,TRUE,6/18/24 10:13,5/30/24 10:00
1720,1044,179,attended,TRUE,6/30/24 10:08,6/8/24 10:00
1721,1044,761,attended,TRUE,4/10/25 10:24,4/6/25 10:00
1722,1045,984,attended,TRUE,8/28/25 10:22,8/1/25 10:00
1723,1046,985,attended,TRUE,7/17/25 10:17,7/1/25 10:00
1724,1047,884,attended,TRUE,10/31/23 10:26,10/11/23 10:00
1725,1047,986,attended,TRUE,9/7/23 10:12,8/19/23 10:00
1726,1047,614,attended,TRUE,7/1/25 10:16,6/11/25 10:00
1727,1048,610,cancelled,FALSE,,5/25/24 10:00
1728,1049,435,no-show,FALSE,,3/13/22 10:00
1729,1050,910,attended,TRUE,6/15/24 10:26,5/27/24 10:00
1730,1051,987,attended,TRUE,8/11/24 10:20,7/16/24 10:00
1731,1052,519,attended,TRUE,3/31/22 10:18,3/27/22 10:00
1732,1053,988,attended,TRUE,3/20/25 10:03,3/16/25 10:00
1733,1054,989,attended,TRUE,4/23/24 10:07,3/29/24 10:00
1734,1054,825,attended,TRUE,8/15/25 10:18,8/3/25 10:00
1735,1054,654,attended,TRUE,1/28/25 10:22,1/6/25 10:00
1736,1055,179,attended,TRUE,6/30/24 10:19,6/1/24 10:00
1737,1055,990,attended,TRUE,4/15/25 10:26,4/1/25 10:00
1738,1056,857,attended,TRUE,9/1/22 10:22,8/19/22 10:00
1739,1056,335,attended,TRUE,3/20/22 10:01,2/24/22 10:00
1740,1057,991,attended,TRUE,11/11/23 10:20,10/30/23 10:00
1741,1058,589,attended,TRUE,3/3/23 10:14,2/5/23 10:00
1742,1059,235,attended,TRUE,1/16/22 10:14,12/19/21 10:00
1743,1060,859,attended,TRUE,3/23/23 10:27,3/4/23 10:00
1744,1061,571,attended,TRUE,5/15/24 10:01,4/28/24 10:00
1745,1062,992,cancelled,FALSE,,8/12/22 10:00
1746,1063,993,attended,TRUE,2/4/22 10:29,1/13/22 10:00
1747,1064,289,attended,TRUE,9/16/23 10:06,9/15/23 10:00
1748,1065,189,attended,TRUE,11/19/21 10:05,10/31/21 10:00
1749,1066,313,attended,TRUE,10/21/25 10:20,10/20/25 10:00
1750,1066,994,attended,TRUE,2/16/22 10:03,2/5/22 10:00
1751,1067,75,attended,TRUE,8/13/25 10:29,8/3/25 10:00
1752,1068,995,attended,TRUE,7/4/24 10:25,6/20/24 10:00
1753,1069,887,attended,TRUE,9/15/25 10:23,9/14/25 10:00
1754,1069,515,attended,TRUE,5/29/25 10:27,5/14/25 10:00
1755,1070,91,attended,TRUE,2/18/25 10:08,1/20/25 10:00
1756,1071,996,attended,TRUE,3/7/25 10:26,2/23/25 10:00
1757,1072,997,attended,TRUE,10/18/23 10:11,9/26/23 10:00
1758,1073,998,attended,TRUE,9/15/24 10:07,9/3/24 10:00
1759,1073,999,attended,TRUE,6/12/22 10:14,6/3/22 10:00
1760,1074,443,attended,TRUE,1/23/22 10:01,12/28/21 10:00
1761,1074,542,attended,TRUE,11/20/22 10:14,11/9/22 10:00
1762,1075,204,attended,TRUE,6/1/24 10:20,5/9/24 10:00
1763,1076,1000,attended,TRUE,8/18/23 10:24,8/9/23 10:00
1764,1077,204,attended,TRUE,6/1/24 10:05,5/6/24 10:00
1765,1078,982,cancelled,FALSE,,5/29/25 10:00
1766,1078,896,attended,TRUE,4/21/22 10:12,3/28/22 10:00
1767,1078,259,attended,TRUE,5/18/23 10:11,4/23/23 10:00
1768,1078,1001,attended,TRUE,1/19/23 10:26,12/25/22 10:00
1769,1078,582,cancelled,FALSE,,12/1/23 10:00
1770,1078,852,attended,TRUE,2/23/25 10:02,1/26/25 10:00
1771,1079,327,attended,TRUE,6/15/23 10:11,6/4/23 10:00
1772,1080,196,attended,TRUE,5/21/22 10:17,5/1/22 10:00
1773,1081,139,attended,TRUE,10/15/23 10:25,9/21/23 10:00
1774,1082,1002,attended,TRUE,10/22/22 10:07,9/25/22 10:00
1775,1083,425,attended,TRUE,8/18/22 10:26,8/7/22 10:00
1776,1083,752,attended,TRUE,5/15/22 10:03,5/5/22 10:00
1777,1084,194,attended,TRUE,6/14/22 10:02,5/21/22 10:00
1778,1084,769,attended,TRUE,11/7/21 10:12,10/17/21 10:00
1779,1085,1003,attended,TRUE,2/1/23 10:19,1/21/23 10:00
1780,1086,64,attended,TRUE,5/12/24 10:20,4/26/24 10:00
1781,1086,884,cancelled,FALSE,,10/25/23 10:00
1782,1086,908,attended,TRUE,12/15/24 10:08,12/8/24 10:00
1783,1087,355,attended,TRUE,11/2/24 10:22,10/5/24 10:00
1784,1088,313,cancelled,FALSE,,10/5/25 10:00
1785,1088,866,attended,TRUE,6/4/22 10:25,5/24/22 10:00
1786,1089,1004,cancelled,FALSE,,4/23/22 10:00
1787,1089,236,attended,TRUE,6/4/24 10:05,5/10/24 10:00
1788,1089,925,attended,TRUE,1/17/24 10:10,1/11/24 10:00
1789,1090,1005,attended,TRUE,1/27/22 10:03,1/26/22 10:00
1790,1091,479,attended,TRUE,12/19/24 10:18,12/12/24 10:00
1791,1091,118,attended,TRUE,7/27/25 10:29,7/17/25 10:00
1792,1092,541,attended,TRUE,9/27/23 10:22,9/10/23 10:00
1793,1092,1006,attended,TRUE,5/25/23 10:17,5/4/23 10:00
1794,1093,128,attended,TRUE,4/2/24 10:24,3/23/24 10:00
1795,1094,46,attended,TRUE,9/4/22 10:17,8/17/22 10:00
1796,1094,868,attended,TRUE,7/16/23 10:12,7/10/23 10:00
1797,1095,361,attended,TRUE,7/22/22 10:22,7/2/22 10:00
1798,1095,667,attended,TRUE,1/15/25 10:06,1/12/25 10:00
1799,1095,573,attended,TRUE,6/15/23 10:02,6/12/23 10:00
1800,1095,603,attended,TRUE,11/15/25 10:19,10/23/25 10:00
1801,1095,78,attended,TRUE,2/15/24 10:21,1/17/24 10:00
1802,1096,514,attended,TRUE,6/16/23 10:27,6/3/23 10:00
1803,1097,962,attended,TRUE,11/15/22 10:04,11/6/22 10:00
1804,1097,483,attended,TRUE,6/2/24 10:10,5/10/24 10:00
1805,1097,729,attended,TRUE,2/12/25 10:11,1/25/25 10:00
1806,1098,212,attended,TRUE,7/15/25 10:04,7/2/25 10:00
1807,1099,375,attended,TRUE,8/1/25 10:03,7/19/25 10:00
1808,1099,873,attended,TRUE,7/12/25 10:23,6/14/25 10:00
1809,1099,844,attended,TRUE,9/22/24 10:28,8/26/24 10:00
1810,1100,295,attended,TRUE,7/14/24 10:25,6/15/24 10:00
1811,1101,1007,attended,TRUE,3/15/25 10:19,3/5/25 10:00
1812,1101,828,attended,TRUE,9/8/24 10:02,8/20/24 10:00
1813,1101,347,attended,TRUE,10/15/25 10:07,10/4/25 10:00
1814,1102,1008,attended,TRUE,11/15/24 10:26,10/31/24 10:00
1815,1103,545,attended,TRUE,9/19/25 10:07,9/17/25 10:00
1816,1103,403,attended,TRUE,5/28/24 10:04,5/10/24 10:00
1817,1103,1009,attended,TRUE,7/15/22 10:08,6/23/22 10:00
1818,1104,870,attended,TRUE,4/2/25 10:15,4/1/25 10:00
1819,1104,1010,attended,TRUE,10/12/24 10:26,10/4/24 10:00
1820,1105,309,attended,TRUE,8/24/23 10:07,8/1/23 10:00
1821,1105,43,attended,TRUE,12/5/21 10:28,11/27/21 10:00
1822,1105,4,attended,TRUE,9/11/22 10:14,9/3/22 10:00
1823,1106,725,attended,TRUE,2/28/24 10:25,2/7/24 10:00
1824,1107,1011,attended,TRUE,10/11/25 10:04,10/4/25 10:00
1825,1108,981,cancelled,FALSE,,3/5/25 10:00
1826,1109,658,attended,TRUE,3/27/24 10:00,3/19/24 10:00
1827,1109,485,attended,TRUE,4/7/23 10:19,3/10/23 10:00
1828,1110,425,attended,TRUE,8/18/22 10:26,8/2/22 10:00
1829,1111,349,attended,TRUE,12/24/23 10:13,12/9/23 10:00
1830,1111,937,attended,TRUE,4/30/24 10:17,4/12/24 10:00
1831,1111,605,attended,TRUE,3/31/23 10:06,3/12/23 10:00
1832,1111,819,attended,TRUE,8/25/24 10:05,8/11/24 10:00
1833,1112,1012,attended,TRUE,9/14/23 10:16,8/17/23 10:00
1834,1113,1013,attended,TRUE,2/15/23 10:12,1/27/23 10:00
1835,1114,418,attended,TRUE,6/23/22 10:18,6/2/22 10:00
1836,1115,417,attended,TRUE,1/12/25 10:28,12/14/24 10:00
1837,1116,1014,attended,TRUE,6/15/23 10:23,6/2/23 10:00
1838,1117,89,attended,TRUE,3/12/23 10:22,3/3/23 10:00
1839,1118,338,attended,TRUE,5/3/23 10:11,4/7/23 10:00
1840,1118,819,attended,TRUE,8/25/24 10:25,7/30/24 10:00
1841,1118,1015,attended,TRUE,8/2/22 10:13,7/24/22 10:00
1842,1119,1016,attended,TRUE,8/24/22 10:11,8/12/22 10:00
1843,1119,70,attended,TRUE,11/14/21 10:29,10/16/21 10:00
1844,1119,59,attended,TRUE,9/4/25 10:10,8/27/25 10:00
1845,1119,749,attended,TRUE,5/10/25 10:11,4/22/25 10:00
1846,1119,381,attended,TRUE,6/14/24 10:22,6/11/24 10:00
1847,1120,398,attended,TRUE,3/4/25 10:10,2/27/25 10:00
1848,1120,265,attended,TRUE,6/22/22 10:26,5/25/22 10:00
1849,1121,155,no-show,FALSE,,1/13/25 10:00
1850,1121,541,attended,TRUE,9/27/23 10:17,9/1/23 10:00
1851,1121,1017,attended,TRUE,3/11/22 10:04,2/20/22 10:00
1852,1121,276,attended,TRUE,11/29/22 10:29,11/25/22 10:00
1853,1122,800,attended,TRUE,11/14/24 10:16,10/19/24 10:00
1854,1123,806,attended,TRUE,10/25/23 10:15,10/2/23 10:00
1855,1123,600,attended,TRUE,11/17/21 10:10,10/30/21 10:00
1856,1124,807,attended,TRUE,6/3/25 10:25,5/30/25 10:00
1857,1125,216,attended,TRUE,10/2/22 10:19,9/5/22 10:00
1858,1126,446,attended,TRUE,2/6/22 10:23,1/29/22 10:00
1859,1126,1018,attended,TRUE,6/15/22 10:22,6/3/22 10:00
1860,1126,902,attended,TRUE,9/7/25 10:20,8/15/25 10:00