milestone_id,user_id,milestone_date
1,1,3/7/25
2,1,11/3/24
3,2,8/29/22
4,2,11/13/22
5,3,5/2/25
6,4,6/26/23
7,4,9/28/22
8,4,1/21/24
9,5,12/31/23
10,6,6/2/29
11,7,10/18/25
12,7,2/2/32
13,8,5/6/24
14,9,11/13/29
15,9,11/13/26
16,10,2/15/22
17,10,7/19/22
18,10,2/4/22
19,11,7/27/23
20,11,5/1/33
21,12,9/21/23
22,12,1/11/24
23,13,8/10/23
24,14,10/9/22
25,15,1/3/24
26,16,11/9/25
27,17,3/19/23
28,18,2/4/28
29,19,10/31/22
30,20,10/19/22
31,21,9/10/24
32,22,3/28/25
33,23,11/25/23
34,24,4/12/23
35,24,3/12/22
36,25,7/29/25
37,26,9/2/23
38,27,11/2/23
39,27,3/11/24
40,28,6/16/23
41,29,7/16/25
42,30,1/26/24
43,31,6/2/33
44,31,6/2/31
45,32,4/9/23
46,33,7/31/28
47,34,8/22/25
48,35,12/16/32
49,36,1/28/26
50,36,4/1/25
51,37,3/5/25
52,38,3/6/26
53,39,8/14/23
54,40,2/9/26
55,41,9/30/24
56,42,4/1/22
57,43,12/2/23
58,44,11/20/24
59,44,11/10/24
60,45,2/2/26
61,46,1/14/26
62,47,8/9/25
63,47,8/28/26
64,47,3/3/25
65,48,5/3/25
66,49,6/2/29
67,49,3/24/22
68,50,7/15/31
69,50,6/9/24
70,51,5/4/24
71,51,9/1/23
72,52,9/4/23
73,52,1/2/36
74,53,5/30/24
75,53,8/29/24
76,54,4/30/28
77,55,11/22/24
78,56,11/11/25
79,57,4/28/23
80,57,8/26/23
81,58,10/10/24
82,58,11/23/22
83,59,4/5/24
84,60,12/25/22
85,61,10/10/25
86,62,4/2/26
87,63,11/30/27
88,64,5/7/33
89,64,12/16/25
90,65,4/25/23
91,66,9/20/25
92,67,11/19/22
93,68,7/18/27
94,68,4/17/26
95,69,12/6/22
96,70,11/26/25
97,71,5/19/23
98,71,11/20/23
99,72,2/21/24
100,73,4/2/32
101,74,10/12/26
102,75,8/23/30
103,76,1/19/26
104,76,12/8/25
105,76,8/23/27
106,78,3/15/32
107,79,10/24/30
108,79,10/24/29
109,79,10/24/25
110,80,10/31/25
111,81,10/31/23
112,82,7/11/33
113,83,3/15/23
114,84,6/4/26
115,84,6/18/26
116,85,4/29/23
117,86,2/11/23
118,87,6/29/24
119,88,3/14/24
120,89,10/1/29
121,90,1/11/30
122,90,7/12/22
123,91,5/13/23
124,92,1/15/25
125,93,8/15/25
126,93,4/20/25
127,93,8/9/26
128,94,5/22/25
129,94,5/22/27
130,94,5/22/27
131,95,9/28/25
132,95,4/17/22
133,96,6/7/22
134,97,11/19/30
135,98,10/26/25
136,99,2/20/23
137,100,2/15/30
138,101,7/28/23
139,102,8/17/23
140,103,1/15/27
141,104,9/18/23
142,104,9/2/29
143,105,4/25/24
144,106,3/7/31
145,107,2/27/25
146,108,1/9/25
147,108,12/26/24
148,109,11/30/23
149,110,11/7/25
150,110,1/19/26
151,111,3/31/26
152,111,11/8/25
153,112,9/29/32
154,112,9/29/32
155,112,9/29/27
156,113,7/2/31
157,114,2/10/31
158,115,9/7/28
159,116,4/16/25
160,117,1/14/33
161,118,2/6/24
162,119,10/16/22
163,120,7/17/22
164,120,3/14/25
165,120,12/8/23
166,121,1/23/22
167,122,5/15/25
168,123,2/6/25
169,123,8/31/25
170,124,4/28/22
171,124,8/3/22
172,124,3/11/22
173,125,7/6/26
174,126,9/11/25
175,126,1/14/26
176,126,4/14/26
177,127,6/15/25
178,127,7/11/25
179,128,1/12/25
180,129,4/5/24
181,130,8/8/26
182,131,2/21/25
183,132,8/3/23
184,133,12/6/26
185,133,4/16/23
186,134,12/28/23
187,135,5/18/25
188,135,1/29/25
189,137,12/6/24
190,138,2/12/30
191,138,5/23/23
192,139,12/7/27
193,139,3/25/22
194,140,3/23/22
195,141,4/1/26
196,142,9/15/24
197,143,10/14/27
198,143,11/13/27
199,144,3/9/25
200,144,11/25/24
201,144,12/23/24
202,145,1/17/25
203,146,9/23/32
204,147,3/7/23
205,147,6/9/27
206,147,11/16/24
207,148,12/27/22
208,148,7/13/22
209,149,2/9/24
210,149,4/11/30
211,150,1/21/25
212,150,2/28/29
213,151,10/2/25
214,152,10/29/25
215,153,3/21/26
216,154,5/8/25
217,154,11/9/29
218,155,4/20/24
219,156,6/24/22
220,156,7/1/22
221,156,12/4/22
222,157,7/28/24
223,157,9/18/29
224,159,10/1/24
225,159,8/21/24
226,160,8/20/25
227,161,6/1/24
228,161,4/14/24
229,162,6/28/24
230,164,4/12/31
231,165,4/29/26
232,166,1/29/26
233,166,1/29/25
234,167,5/11/25
235,168,11/11/23
236,168,8/14/23
237,168,11/18/23
238,169,3/21/23
239,171,1/31/25
240,172,3/4/30
241,173,12/31/23
242,174,3/7/24
243,174,5/19/26
244,175,6/26/24
245,176,3/16/25
246,176,1/19/29
247,177,1/12/24
248,178,8/29/23
249,178,12/11/23
250,179,4/2/25
251,180,9/15/29
252,182,8/26/25
253,183,12/8/23
254,183,6/10/23
255,184,12/19/23
256,185,11/1/22
257,186,9/7/24
258,187,4/12/26
259,188,10/16/34
260,189,11/5/24
261,189,2/19/25
262,190,3/30/23
263,191,7/30/25
264,192,11/23/28
265,192,3/21/23
266,193,12/16/25
267,194,8/15/30
268,194,12/13/23
269,195,4/11/29
270,196,12/25/23
271,196,12/6/23
272,197,1/8/23
273,198,9/17/23
274,199,2/10/31
275,200,8/7/26
276,201,2/7/26
277,201,7/5/25
278,201,10/18/22
279,202,5/19/24
280,202,4/5/24
281,204,8/11/22
282,204,4/17/22
283,205,1/25/26
284,206,4/14/25
285,206,2/17/28
286,207,10/29/25
287,208,12/20/25
288,208,10/25/25
289,209,4/1/28
290,209,4/1/26
291,210,4/26/29
292,211,7/25/24
293,211,1/18/25
294,212,9/14/32
295,212,9/14/25
296,213,1/21/24
297,213,10/15/23
298,214,1/2/23
299,215,11/23/24
300,216,11/1/22
301,216,5/31/22
302,217,7/8/27
303,218,7/20/25
304,219,9/6/23
305,219,10/6/23
306,220,7/9/25
307,220,7/9/26
308,221,10/4/23
309,222,11/13/23
310,223,8/4/34
311,224,5/31/25
312,225,12/9/23
313,225,9/15/23
314,226,12/16/23
315,228,7/10/32
316,229,1/16/25
317,230,11/7/25
318,231,9/12/25
319,232,5/22/30
320,233,7/17/22
321,233,1/10/24
322,234,7/1/22
323,235,11/29/25
324,235,11/29/25
325,235,11/2/24
326,236,12/10/24
327,236,9/20/24
328,237,7/9/25
329,238,9/16/30
330,239,2/28/25
331,240,9/22/22
332,241,11/11/31
333,242,7/7/28
334,243,4/6/35
335,243,4/6/32
336,244,4/28/24
337,245,7/24/23
338,246,8/20/23
339,247,5/10/22
340,248,6/13/22
341,249,4/16/24
342,249,6/11/22
343,250,1/28/25
344,251,10/24/25
345,252,2/9/35
346,252,5/20/24
347,253,3/20/26
348,253,10/19/26
349,253,3/11/24
350,254,7/22/24
351,254,8/22/24
352,255,12/1/26
353,255,12/13/25
354,257,10/5/22
355,258,9/16/24
356,259,12/15/25
357,260,10/2/27
358,261,4/5/22
359,261,8/15/22
360,261,10/4/22
361,262,12/23/25
362,263,7/4/22
363,264,7/8/22
364,265,8/15/24
365,265,11/1/24
366,266,9/9/25
367,267,6/2/23
368,267,7/2/23
369,268,1/8/25
370,269,8/22/27
371,270,4/14/25
372,271,12/28/22
373,273,9/22/23
374,274,7/4/26
375,275,8/4/31
376,275,8/4/34
377,276,4/22/23
378,279,2/7/26
379,279,5/8/26
380,280,7/30/25
381,282,12/18/24
382,283,9/29/30
383,284,4/23/27
384,286,3/6/29
385,287,7/6/25
386,288,3/12/27
387,288,7/30/25
388,288,3/12/28
389,289,7/27/25
390,289,8/18/25
391,290,6/12/25
392,290,7/8/25
393,290,7/19/23
394,291,8/19/24
395,292,9/27/25
396,293,3/24/25
397,294,4/13/24
398,294,1/13/25
399,295,7/29/30
400,296,9/6/23
401,296,2/16/23
402,296,3/9/24
403,297,7/9/23
404,297,9/21/24
405,298,8/9/22
406,298,3/12/23
407,299,5/2/33
408,300,5/10/25
409,301,3/19/23
410,302,8/21/25
411,302,10/26/25
412,303,1/22/26
413,304,8/15/25
414,305,1/16/25
415,305,8/19/24
416,305,9/18/24
417,306,3/20/22
418,307,3/25/27
419,308,6/21/25
420,309,7/6/22
421,309,1/20/25
422,310,7/10/23
423,311,8/27/22
424,312,9/17/29
425,313,1/5/25
426,314,1/14/25
427,315,6/8/27
428,315,6/8/32
429,316,2/4/26
430,318,8/6/25
431,319,10/29/25
432,320,8/18/29
433,321,1/15/22
434,322,9/28/25
435,323,6/2/23
436,324,2/2/29
437,325,11/17/34
438,326,1/9/23
439,326,2/5/23
440,327,8/11/24
441,328,2/6/30
442,328,2/6/26
443,329,9/29/23
444,329,9/25/23
445,330,8/10/22
446,330,5/19/22
447,331,5/13/31
448,332,1/22/31
449,333,6/28/24
450,334,2/23/24
451,334,9/26/23
452,335,9/25/31
453,336,6/10/34
454,337,6/28/25
455,338,7/14/25
456,339,12/30/25
457,340,11/15/22
458,341,9/21/25
459,342,1/13/25
460,343,4/13/25
461,344,9/24/23
462,345,3/26/22
463,345,1/25/22
464,346,8/3/23
465,346,6/20/23
466,347,1/10/32
467,348,6/19/23
468,349,6/2/25
469,350,4/14/25
470,350,8/13/25
471,351,10/27/25
472,352,3/20/26
473,353,1/26/27
474,353,8/7/23
475,353,10/5/25
476,353,1/26/25
477,354,2/17/22
478,354,11/13/23
479,355,11/29/22
480,356,1/28/26
481,357,10/24/24
482,357,3/2/26
483,358,10/15/24
484,359,2/24/34
485,359,2/24/30
486,360,12/22/24
487,361,10/25/22
488,362,7/24/24
489,362,6/22/23
490,363,1/7/24
491,364,10/10/23
492,364,8/18/23
493,365,10/27/22
494,365,7/24/22
495,366,8/15/25
496,367,8/21/23
497,368,3/13/22
498,369,9/7/22
499,370,9/29/30
500,371,2/16/31
501,371,10/27/24
502,372,12/29/24
503,372,4/21/25
504,373,10/20/24
505,374,9/13/24
506,374,4/15/27
507,375,11/6/24
508,376,6/21/26
509,377,10/20/31
510,377,10/10/23
511,378,12/25/25
512,379,10/24/23
513,381,12/6/23
514,382,9/15/25
515,383,6/25/22
516,384,3/11/22
517,385,6/2/32
518,385,6/2/28
519,386,6/21/22
520,387,6/6/26
521,388,10/14/25
522,389,3/4/22
523,390,9/16/33
524,390,6/25/25
525,390,9/16/30
526,391,7/26/24
527,392,10/31/27
528,393,9/3/23
529,395,7/11/24
530,395,3/20/24
531,396,10/7/24
532,397,8/17/24
533,398,8/6/25
534,400,8/23/26
535,401,2/23/24
536,402,2/8/23
537,403,6/26/29
538,404,4/18/26
539,404,11/10/25
540,406,7/6/22
541,407,2/22/24
542,408,4/17/23
543,409,5/24/34
544,410,8/23/25
545,410,10/24/24
546,410,2/5/25
547,410,10/11/25
548,411,1/17/25
549,411,9/15/24
550,412,5/27/28
551,413,8/27/24
552,414,8/15/25
553,414,7/16/25
554,415,11/8/25
555,416,12/4/30
556,417,8/16/25
557,418,12/23/32
558,419,6/7/25
559,420,7/10/24
560,421,6/30/25
561,422,4/23/35
562,424,11/29/22
563,426,12/20/29
564,427,6/26/22
565,428,4/8/23
566,428,11/12/22
567,429,5/13/25
568,430,12/21/23
569,431,1/31/25
570,431,4/13/25
571,433,2/6/25
572,434,8/26/23
573,435,6/13/26
574,435,5/12/26
575,436,9/18/29
576,437,12/10/23
577,438,6/29/25
578,439,7/29/24
579,440,4/18/26
580,441,9/18/31
581,442,10/9/24
582,443,11/1/25
583,443,5/9/26
584,444,9/18/25
585,445,7/21/25
586,446,11/28/24
587,447,1/28/36
588,448,10/21/22
589,448,3/27/22
590,449,7/8/33
591,450,8/29/28
592,451,11/12/23
593,452,5/26/30
594,453,1/27/29
595,453,1/6/26
596,454,4/7/25
597,455,8/31/22
598,456,11/22/24
599,457,7/17/26
600,458,8/15/23
601,458,3/6/23
602,459,2/20/26
603,459,12/8/32
604,460,7/1/25
605,461,12/3/23
606,461,11/26/22
607,462,6/7/25
608,462,2/2/25
609,463,9/26/23
610,463,7/13/23
611,464,9/6/25
612,465,7/13/24
613,466,12/30/29
614,466,12/19/24
615,467,6/11/22
616,468,12/1/28
617,468,12/1/25
618,469,3/28/25
619,469,12/17/27
620,470,1/23/28
621,471,8/29/25
622,471,3/11/26
623,472,2/14/23
624,473,1/3/23
625,474,8/10/24
626,474,11/11/28
627,475,3/29/27
628,476,9/16/22
629,476,3/8/22
630,477,7/14/25
631,477,5/15/25
632,478,11/9/25
633,479,3/11/26
634,480,11/20/22
635,480,8/16/22
636,481,7/21/30
637,482,8/29/23
638,483,5/18/22
639,483,10/6/26
640,484,10/22/24
641,485,5/17/31
642,486,2/8/31
643,487,2/15/22
644,488,7/27/23
645,488,7/4/34
646,489,9/17/23
647,490,7/14/25
648,491,6/28/23
649,492,8/1/30
650,492,8/1/26
651,493,8/5/25
652,494,4/26/23
653,495,9/29/28
654,496,8/7/25
655,497,8/3/27
656,498,8/8/24
657,499,1/19/24
658,500,2/14/25
659,502,7/15/31
660,503,4/4/25
661,504,7/22/25
662,505,12/27/22
663,507,12/14/24
664,507,12/15/24
665,507,8/31/28
666,508,6/30/22
667,508,8/8/22
668,509,7/3/31
669,510,12/26/24
670,510,12/26/23
671,511,10/22/24
672,512,8/30/33
673,513,5/12/25
674,514,6/10/25
675,515,8/17/24
676,515,9/18/23
677,516,4/20/25
678,517,4/14/26
679,518,11/17/23
680,519,9/17/22
681,521,2/6/24
682,522,12/14/21
683,523,9/16/24
684,524,4/8/24
685,525,10/29/27
686,526,4/9/26
687,527,12/5/25
688,528,12/23/24
689,529,6/9/24
690,530,12/1/23
691,531,7/28/23
692,532,2/23/29
693,532,2/23/30
694,533,12/8/28
695,534,2/3/29
696,535,6/1/23
697,536,12/7/25
698,536,12/7/26
699,537,4/5/26
700,538,1/25/23
701,539,10/10/31
702,540,4/15/23
703,541,7/29/23
704,541,7/4/23
705,542,5/7/25
706,543,7/16/22
707,543,12/10/24
708,544,10/26/25
709,545,7/16/24
710,545,2/24/24
711,546,12/8/23
712,547,3/31/29
713,548,7/5/25
714,549,8/5/23
715,550,9/17/22
716,550,7/27/22
717,551,8/3/27
718,552,7/25/23
719,553,5/20/25
720,554,7/24/22
721,555,4/15/25
722,556,7/5/22
723,556,5/2/22
724,556,9/1/22
725,557,7/11/24
726,557,5/6/24
727,558,1/16/26
728,559,9/23/27
729,560,4/27/32
730,560,4/27/25
731,561,10/9/25
732,561,11/18/25
733,562,12/7/22
734,563,11/16/23
735,563,2/18/24
736,564,5/26/24
737,565,6/17/31
738,565,7/10/23
739,566,4/4/30
740,566,3/5/30
741,567,10/16/25
742,568,10/31/25
743,568,10/31/24
744,570,10/2/33
745,572,7/23/22
746,573,4/29/26
747,573,5/13/26
748,574,5/10/23
749,575,12/23/22
750,576,5/28/24
751,577,9/17/23
752,578,6/7/25
753,579,4/18/26
754,580,10/31/24
755,581,10/23/23
756,582,2/14/22
757,582,1/20/22
758,583,10/18/28
759,584,5/9/29
760,584,5/9/28
761,584,5/12/24
762,585,10/21/26
763,586,2/20/22
764,587,8/26/24
765,588,3/26/24
766,589,4/3/27
767,590,8/3/28
768,592,8/2/23
769,593,2/1/25
770,594,6/5/23
771,595,6/3/25
772,595,8/20/23
773,596,8/14/24
774,596,4/19/24
775,597,1/8/24
776,598,11/14/33
777,598,11/14/29
778,599,10/13/24
779,599,3/2/22
780,600,4/9/26
781,601,10/20/25
782,601,10/28/28
783,602,2/28/22
784,603,10/24/28
785,604,11/18/25
786,604,11/29/25
787,604,10/2/25
788,605,5/5/33
789,605,11/8/22
790,605,5/21/25
791,606,9/19/30
792,607,1/19/23
793,607,4/23/31
794,608,3/4/26
795,608,3/27/23
796,609,8/2/29
797,609,8/2/31
798,610,8/17/30
799,611,3/12/24
800,612,2/25/31
801,613,1/25/23
802,613,10/29/22
803,614,2/23/34
804,615,5/23/26
805,615,5/11/26
806,616,10/20/23
807,617,10/22/22
808,618,4/9/24
809,619,4/21/32
810,620,8/20/23
811,620,1/9/23
812,621,5/31/27
813,622,6/18/24
814,623,11/3/23
815,624,2/20/24
816,625,8/26/25
817,625,8/26/32
818,626,7/27/24
819,627,4/25/23
820,628,7/23/22
821,629,7/31/25
822,629,8/10/30
823,630,8/29/23
824,630,7/31/25
825,631,12/14/25
826,632,11/22/23
827,632,5/25/24
828,633,11/4/27
829,634,7/23/26
830,635,1/17/24
831,636,11/15/25
832,637,9/8/27
833,638,11/5/24
834,638,5/20/24
835,639,5/2/25
836,640,1/13/25
837,640,4/20/25
838,641,10/11/29
839,641,10/11/27
840,642,5/8/27
841,643,3/19/25
842,644,9/10/22
843,645,8/4/24
844,646,4/30/29
845,646,5/30/29
846,647,10/24/22
847,648,7/22/22
848,649,11/16/30
849,649,11/1/24
850,650,7/23/28
851,650,8/22/28
852,651,5/25/22
853,652,11/13/23
854,652,12/17/23
855,653,7/21/26
856,654,6/20/24
857,654,8/19/24
858,655,1/22/24
859,656,12/5/28
860,656,12/5/31
861,657,11/19/25
862,658,2/14/24
863,659,12/21/25
864,659,6/2/23
865,660,8/30/24
866,661,1/31/24
867,662,10/16/25
868,663,11/8/22
869,663,1/1/23
870,663,8/12/22
871,664,7/28/22
872,664,1/17/24
873,664,1/17/23
874,665,7/13/24
875,666,12/19/24
876,667,3/7/35
877,668,8/6/31
878,668,12/26/25
879,668,8/6/35
880,669,3/7/24
881,670,3/20/25
882,671,4/17/25
883,671,1/6/32
884,672,9/7/28
885,673,6/17/25
886,674,6/15/24
887,675,11/6/28
888,676,5/6/25
889,677,8/18/27
890,678,9/19/31
891,679,2/14/27
892,679,2/4/24
893,680,3/22/24
894,681,9/6/25
895,682,10/26/22
896,682,10/2/28
897,683,12/5/25
898,684,6/25/25
899,686,1/31/23
900,686,3/26/23
901,687,3/28/23
902,688,5/1/22
903,689,4/29/29
904,690,6/17/24
905,692,1/23/26
906,693,11/23/23
907,694,4/30/22
908,695,11/14/30
909,695,11/14/35
910,697,3/3/24
911,698,7/12/29
912,699,9/17/24
913,699,2/4/25
914,700,3/25/25
915,700,11/11/24
916,701,3/17/27
917,702,2/4/29
918,703,6/30/31
919,703,8/20/22
920,704,3/4/25
921,705,6/25/24
922,706,8/11/26
923,707,11/15/23
924,708,5/19/25
925,709,12/3/30
926,709,5/13/23
927,710,7/12/26
928,711,8/16/25
929,712,7/5/27
930,713,5/20/27
931,714,7/27/23
932,715,9/14/24
933,715,8/2/24
934,716,7/20/26
935,717,8/24/25
936,717,7/21/25
937,718,6/4/27
938,719,7/3/22
939,720,3/5/33
940,720,3/5/29
941,721,5/3/23
942,722,8/14/25
943,722,10/18/24
944,723,11/5/23
945,724,6/12/23
946,724,5/5/25
947,725,4/13/27
948,725,3/14/27
949,725,3/14/26
950,726,2/24/28
951,727,3/10/24
952,728,6/17/24
953,729,5/3/26
954,731,7/18/27
955,731,7/18/30
956,732,4/26/25
957,733,2/15/23
958,734,4/4/26
959,735,10/24/26
960,736,12/9/23
961,738,6/23/24
962,739,4/22/23
963,741,1/22/23
964,742,12/2/23
965,742,6/13/23
966,743,4/2/24
967,746,3/8/27
968,746,6/19/25
969,747,4/27/24
970,748,9/26/22
971,749,2/1/33
972,750,10/30/25
973,751,8/2/22
974,752,6/30/22
975,753,5/5/35
976,754,4/18/23
977,755,4/16/23
978,755,4/30/24
979,756,5/7/24
980,757,5/28/25
981,758,5/14/25
982,758,12/15/24
983,759,2/1/33
984,759,4/20/23
985,759,4/14/23
986,760,1/13/23
987,760,4/4/23
988,762,10/13/24
989,763,4/20/23
990,764,4/18/24
991,764,3/15/24
992,765,10/31/23
993,765,11/26/23
994,766,1/26/25
995,767,6/7/34
996,768,2/4/26
997,769,4/22/29
998,769,4/22/31
999,770,12/4/31
1000,770,12/4/32
1001,771,8/23/24
1002,772,4/29/31
1003,772,7/27/26
1004,773,4/27/25
1005,773,6/12/25
1006,773,10/29/25
1007,774,5/29/22
1008,774,3/22/27
1009,775,5/10/25
1010,775,7/7/29
1011,775,3/12/25
1012,776,8/28/27
1013,777,8/19/24
1014,778,1/23/24
1015,779,10/29/25
1016,780,5/18/23
1017,781,7/29/24
1018,781,9/6/24
1019,782,11/13/30
1020,783,10/9/25
1021,783,11/1/25
1022,784,12/18/24
1023,785,12/11/24
1024,786,9/13/25
1025,787,1/30/25
1026,788,11/2/30
1027,789,10/5/28
1028,790,5/2/22
1029,790,6/22/22
1030,792,1/9/32
1031,793,10/30/30
1032,794,12/28/23
1033,795,4/1/25
1034,796,3/26/27
1035,797,2/15/23
1036,798,5/11/23
1037,799,2/5/27
1038,800,11/13/23
1039,801,11/18/30
1040,802,3/10/22
1041,803,4/10/26
1042,804,5/16/28
1043,804,5/16/26
1044,805,4/2/24
1045,806,6/29/24
1046,806,5/30/24
1047,806,6/3/24
1048,807,1/27/25
1049,808,6/14/29
1050,808,12/5/24
1051,809,3/7/26
1052,810,8/8/25
1053,811,7/5/25
1054,812,11/4/22
1055,813,2/5/27
1056,813,3/7/27
1057,814,9/2/22
1058,814,6/6/24
1059,815,1/9/25
1060,817,6/15/30
1061,818,2/2/31
1062,818,2/19/23
1063,818,2/2/35
1064,819,7/19/36
1065,820,1/2/24
1066,821,4/30/23
1067,822,12/3/23
1068,823,6/24/25
1069,825,12/18/24
1070,825,4/13/25
1071,826,6/25/24
1072,826,12/13/25
1073,826,12/31/25
1074,827,7/22/24
1075,828,3/12/22
1076,829,7/30/24
1077,830,7/6/32
1078,831,4/30/26
1079,831,11/6/24
1080,832,3/11/24
1081,832,3/1/24
1082,833,1/20/27
1083,834,3/21/22
1084,835,8/25/25
1085,836,7/12/27
1086,836,11/27/25
1087,837,12/1/24
1088,837,7/9/24
1089,838,11/26/28
1090,839,6/11/24
1091,839,9/19/23
1092,840,8/20/32
1093,841,12/4/25
1094,841,5/8/24
1095,842,6/9/24
1096,843,3/8/30
1097,843,2/11/23
1098,844,4/24/24
1099,845,7/17/25
1100,846,9/18/28
1101,847,5/13/26
1102,848,9/15/24
1103,849,2/23/29
1104,850,2/9/27
1105,851,7/10/25
1106,851,5/8/25
1107,852,12/21/25
1108,852,6/5/23
1109,854,4/18/24
1110,855,7/9/25
1111,856,7/31/23
1112,857,6/28/31
1113,858,7/5/22
1114,859,4/3/23
1115,859,10/24/23
1116,860,8/18/28
1117,861,12/1/24
1118,862,1/20/26
1119,862,1/23/26
1120,863,11/26/26
1121,863,11/26/25
1122,864,5/30/27
1123,864,5/30/28
1124,865,1/21/26
1125,865,3/11/26
1126,866,1/20/24
1127,866,11/26/23
1128,867,9/23/23
1129,868,12/17/29
1130,868,12/17/25
1131,869,10/6/22
1132,870,11/10/25
1133,870,5/12/26
1134,871,2/23/22
1135,872,1/6/26
1136,874,11/30/24
1137,875,2/14/24
1138,875,7/3/23
1139,876,9/20/23
1140,877,9/9/24
1141,878,12/24/23
1142,879,9/26/28
1143,881,9/10/29
1144,882,4/25/25
1145,883,9/3/29
1146,884,12/6/24
1147,885,11/5/24
1148,885,12/10/24
1149,886,1/25/28
1150,887,6/19/26
1151,889,3/30/25
1152,890,12/16/25
1153,890,9/17/25
1154,892,6/5/22
1155,893,9/22/26
1156,894,3/11/22
1157,895,11/29/24
1158,896,9/30/23
1159,897,2/3/25
1160,898,9/26/23
1161,899,8/2/27
1162,900,4/10/27
1163,901,10/4/24
1164,902,5/11/25
1165,903,9/7/25
1166,904,11/12/25
1167,905,6/22/25
1168,906,8/26/24
1169,906,11/11/24
1170,907,6/4/25
1171,908,4/29/26
1172,908,1/18/26
1173,909,7/3/22
1174,911,12/15/25
1175,912,12/19/25
1176,913,9/4/23
1177,914,9/18/24
1178,915,9/16/25
1179,916,12/3/24
1180,917,12/4/23
1181,918,1/29/33
1182,919,3/16/23
1183,920,6/9/22
1184,921,5/9/23
1185,922,7/29/23
1186,923,4/21/24
1187,924,10/1/24
1188,925,3/6/27
1189,926,10/30/25
1190,927,6/30/23
1191,928,6/18/24
1192,929,3/29/23
1193,930,7/19/28
1194,930,6/19/28
1195,931,12/1/24
1196,932,3/5/24
1197,933,11/29/31
1198,934,8/27/25
1199,935,12/21/25
1200,935,12/21/22
1201,936,3/25/23
1202,937,9/20/22
1203,938,3/13/25
1204,938,11/19/24
1205,938,6/26/25
1206,938,1/11/25
1207,939,3/16/25
1208,940,5/16/25
1209,941,7/19/35
1210,941,4/21/23
1211,941,10/7/22
1212,941,11/6/22
1213,942,10/22/22
1214,943,7/12/23
1215,943,12/9/25
1216,943,9/1/25
1217,944,5/16/25
1218,945,8/24/24
1219,946,4/19/24
1220,946,3/16/24
1221,947,2/29/24
1222,948,2/17/25
1223,949,8/9/22
1224,949,5/15/22
1225,951,5/31/28
1226,952,7/27/25
1227,953,9/5/22
1228,954,12/23/24
1229,954,4/29/25
1230,955,3/23/26
1231,956,8/1/23
1232,956,5/15/23
1233,956,2/10/26
1234,958,6/30/23
1235,958,2/6/23
1236,959,6/4/23
1237,960,7/4/24
1238,961,5/24/22
1239,962,3/16/32
1240,962,10/30/24
1241,962,9/10/24
1242,963,11/17/24
1243,964,3/18/30
1244,965,9/26/25
1245,965,4/5/25
1246,966,8/6/23
1247,967,9/1/22
1248,968,9/7/25
1249,970,9/22/26
1250,970,9/28/22
1251,971,11/11/24
1252,972,11/9/22
1253,973,9/1/24
1254,974,6/30/29
1255,975,11/9/28
1256,975,11/9/31
1257,976,1/25/31
1258,977,6/5/25
1259,978,7/28/26
1260,978,1/19/26
1261,979,11/26/30
1262,980,4/23/25
1263,980,7/1/25
1264,981,3/12/35
1265,982,11/6/24
1266,983,10/9/24
1267,983,3/21/24
1268,984,7/18/23
1269,985,12/12/24
1270,986,8/26/23
1271,987,12/19/22
1272,988,2/12/24
1273,989,1/29/25
1274,989,10/28/25
1275,990,12/11/30
1276,991,5/17/26
1277,991,4/17/26
1278,991,8/24/25
1279,992,10/20/23
1280,992,10/20/23
1281,993,12/30/24
1282,994,1/18/25
1283,995,3/19/26
1284,996,9/19/24
1285,997,10/2/22
1286,998,9/29/22
1287,999,6/22/23
1288,1000,7/22/27
1289,1000,5/1/22
1290,1001,11/10/26
1291,1001,2/19/25
1292,1002,2/20/24
1293,1003,8/25/31
1294,1005,6/6/27
1295,1005,10/29/25
1296,1006,9/18/28
1297,1006,11/18/24
1298,1007,9/15/23
1299,1008,7/7/22
1300,1008,12/2/23
1301,1009,4/18/22
1302,1010,8/23/24
1303,1011,3/6/24
1304,1012,8/13/25
1305,1013,10/27/32
1306,1013,3/31/23
1307,1014,1/2/24
1308,1015,9/18/22
1309,1015,9/18/24
1310,1016,1/24/22
1311,1017,6/28/24
1312,1017,1/10/24
1313,1017,11/20/23
1314,1018,5/16/22
1315,1019,4/7/24
1316,1020,1/10/25
1317,1021,8/14/24
1318,1022,11/8/23
1319,1024,12/30/24
1320,1024,9/1/25
1321,1025,11/16/25
1322,1026,8/31/29
1323,1027,1/13/25
1324,1028,6/17/23
1325,1029,9/14/22
1326,1030,8/9/22
1327,1030,3/13/22
1328,1030,2/19/25
1329,1031,6/22/27
1330,1031,2/18/25
1331,1032,9/16/26
1332,1032,4/15/25
1333,1033,11/23/27
1334,1033,11/12/24
1335,1033,10/24/27
1336,1034,10/5/25
1337,1035,6/29/34
1338,1036,12/10/23
1339,1037,4/24/28
1340,1038,10/15/22
1341,1039,6/12/25
1342,1039,9/16/25
1343,1040,12/21/25
1344,1040,12/21/30
1345,1040,7/3/22
1346,1041,5/4/24
1347,1042,1/4/32
1348,1042,1/4/31
1349,1042,1/4/36
1350,1043,11/22/23
1351,1044,11/11/24
1352,1045,4/3/26
1353,1046,10/13/25
1354,1047,12/2/23
1355,1048,9/24/24
1356,1050,11/10/24
1357,1051,3/5/30
1358,1052,4/13/22
1359,1053,4/15/25
1360,1054,9/5/25
1361,1055,3/17/31
1362,1055,3/14/25
1363,1056,5/17/23
1364,1057,3/12/24
1365,1058,5/3/23
1366,1059,2/12/22
1367,1060,2/13/29
1368,1061,8/28/24
1369,1061,5/11/24
1370,1061,10/26/24
1371,1063,9/24/31
1372,1063,9/24/34
1373,1064,11/8/23
1374,1065,6/14/22
1375,1066,3/25/30
1376,1067,9/5/25
1377,1067,12/14/25
1378,1067,12/4/25
1379,1068,9/10/24
1380,1068,11/9/33
1381,1069,6/17/26
1382,1070,3/10/25
1383,1071,10/27/25
1384,1072,8/10/25
1385,1072,9/9/24
1386,1072,8/10/25
1387,1072,8/10/24
1388,1073,10/6/22
1389,1073,9/13/22
1390,1074,8/15/22
1391,1075,7/8/24
1392,1076,4/4/31
1393,1076,5/4/31
1394,1077,2/7/25
1395,1078,5/5/23
1396,1079,5/11/27
1397,1079,5/11/31
1398,1080,7/7/22
1399,1080,8/27/22
1400,1081,3/19/24
1401,1082,3/14/23
1402,1083,1/10/23
1403,1084,7/18/22
1404,1085,11/11/23
1405,1086,8/31/24
1406,1086,3/4/24
1407,1087,4/26/30
1408,1088,8/1/29
1409,1088,8/1/32
1410,1089,4/18/24
1411,1089,11/5/24
1412,1090,3/4/22
1413,1090,10/26/22
1414,1091,5/7/27
1415,1091,5/7/30
1416,1092,10/30/26
1417,1092,10/30/26
1418,1093,8/30/24
1419,1094,10/27/29
1420,1095,4/15/24
1421,1095,5/31/25
1422,1095,6/13/25
1423,1096,2/17/24
1424,1097,5/23/25
1425,1097,8/11/23
1426,1098,8/14/25
1427,1099,3/8/25
1428,1100,7/1/24
1429,1101,11/1/25
1430,1101,11/8/25
1431,1102,1/25/25
1432,1103,8/12/26
1433,1103,2/12/23
1434,1104,4/15/25
1435,1104,6/2/25
1436,1105,3/22/23
1437,1106,3/9/24
1438,1107,6/28/26
1439,1109,10/19/23
1440,1109,4/22/24
1441,1109,5/27/33
1442,1110,12/8/23
1443,1110,9/10/22
1444,1110,12/8/22
1445,1111,8/8/24
1446,1112,1/6/29
1447,1113,3/27/23
1448,1114,8/18/22
1449,1115,1/30/26
1450,1115,7/24/27
1451,1115,1/30/25
1452,1116,11/11/23
1453,1117,10/26/30
1454,1117,10/26/27
1455,1118,1/19/24
1456,1119,11/29/21
1457,1120,11/12/30
1458,1121,11/27/23
1459,1122,9/5/31
1460,1123,6/18/30
1461,1124,7/21/33
1462,1125,7/6/27
1463,1125,6/6/27
1464,1126,3/26/26
1465,1133,4/17/23
1466,1141,5/25/24
1467,1144,10/8/25
1468,1145,1/23/28
1469,1145,6/10/23
1470,1152,3/4/25
1471,1154,3/13/25
1472,1159,4/7/30
1473,1160,12/13/25
1474,1162,9/26/32
1475,1166,1/2/27
1476,1169,9/26/26
1477,1170,3/11/27
1478,1173,1/19/26
1479,1176,6/6/26
1480,1176,2/16/28